year,region,type,dimensions_ft,thickness_in,thickness_mm,php_per_panel
2013,National,ordinary plywood,4'x8',0.125,3.175,230.45
2013,National,ordinary plywood,4'x8',0.1875,4.7625,304.06
2013,National,ordinary plywood,4'x8',0.25,6.35,369.39
2013,National,ordinary plywood,4'x8',0.5,12.7,565.14
2013,National,ordinary plywood,4'x8',0.75,19.05,904.47
2013,National,marine plywood,4'x8',0.125,3.175,431.12
2013,National,marine plywood,4'x8',0.1875,4.7625,342.78
2013,National,marine plywood,4'x8',0.25,6.35,400.49
2013,National,marine plywood,4'x8',0.5,12.7,659.25
2013,National,marine plywood,4'x8',0.75,19.05,1054.6
2013,National,plyboard,4'x8',0.75,19.05,885.61
2013,NCR,ordinary plywood,4'x8',0.125,3.175,256.71
2013,NCR,ordinary plywood,4'x8',0.1875,4.7625,358.54
2013,NCR,ordinary plywood,4'x8',0.25,6.35,518.13
2013,NCR,ordinary plywood,4'x8',0.5,12.7,-
2013,NCR,ordinary plywood,4'x8',0.75,19.05,807.81
2013,NCR,marine plywood,4'x8',0.125,3.175,394.83
2013,NCR,marine plywood,4'x8',0.1875,4.7625,432.65
2013,NCR,marine plywood,4'x8',0.25,6.35,747.1
2013,NCR,marine plywood,4'x8',0.5,12.7,416
2013,NCR,marine plywood,4'x8',0.75,19.05,1182.08
2013,NCR,plyboard,4'x8',0.75,19.05,913.18
2013,CAR,ordinary plywood,4'x8',0.125,3.175,234.4
2013,CAR,ordinary plywood,4'x8',0.1875,4.7625,307.15
2013,CAR,ordinary plywood,4'x8',0.25,6.35,485.58
2013,CAR,ordinary plywood,4'x8',0.5,12.7,628.54
2013,CAR,ordinary plywood,4'x8',0.75,19.05,982.52
2013,CAR,marine plywood,4'x8',0.125,3.175,-
2013,CAR,marine plywood,4'x8',0.1875,4.7625,-
2013,CAR,marine plywood,4'x8',0.25,6.35,437.29
2013,CAR,marine plywood,4'x8',0.5,12.7,729.39
2013,CAR,marine plywood,4'x8',0.75,19.05,1095.84
2013,CAR,plyboard,4'x8',0.75,19.05,981.38
2013,I (Ilocos Region),ordinary plywood,4'x8',0.125,3.175,245
2013,I (Ilocos Region),ordinary plywood,4'x8',0.1875,4.7625,318.5
2013,I (Ilocos Region),ordinary plywood,4'x8',0.25,6.35,389.26
2013,I (Ilocos Region),ordinary plywood,4'x8',0.5,12.7,613.17
2013,I (Ilocos Region),ordinary plywood,4'x8',0.75,19.05,1010.54
2013,I (Ilocos Region),marine plywood,4'x8',0.125,3.175,-
2013,I (Ilocos Region),marine plywood,4'x8',0.1875,4.7625,-
2013,I (Ilocos Region),marine plywood,4'x8',0.25,6.35,372.18
2013,I (Ilocos Region),marine plywood,4'x8',0.5,12.7,683.51
2013,I (Ilocos Region),marine plywood,4'x8',0.75,19.05,1096.51
2013,I (Ilocos Region),plyboard,4'x8',0.75,19.05,1032.61
2013,II (Cagayan Valley),ordinary plywood,4'x8',0.125,3.175,231.85
2013,II (Cagayan Valley),ordinary plywood,4'x8',0.1875,4.7625,307.76
2013,II (Cagayan Valley),ordinary plywood,4'x8',0.25,6.35,326.15
2013,II (Cagayan Valley),ordinary plywood,4'x8',0.5,12.7,573.04
2013,II (Cagayan Valley),ordinary plywood,4'x8',0.75,19.05,959.18
2013,II (Cagayan Valley),marine plywood,4'x8',0.125,3.175,-
2013,II (Cagayan Valley),marine plywood,4'x8',0.1875,4.7625,-
2013,II (Cagayan Valley),marine plywood,4'x8',0.25,6.35,360.14
2013,II (Cagayan Valley),marine plywood,4'x8',0.5,12.7,664.82
2013,II (Cagayan Valley),marine plywood,4'x8',0.75,19.05,1060.63
2013,II (Cagayan Valley),plyboard,4'x8',0.75,19.05,857.69
2013,III (Central Luzon),ordinary plywood,4'x8',0.125,3.175,239.98
2013,III (Central Luzon),ordinary plywood,4'x8',0.1875,4.7625,289.04
2013,III (Central Luzon),ordinary plywood,4'x8',0.25,6.35,342.99
2013,III (Central Luzon),ordinary plywood,4'x8',0.5,12.7,566.65
2013,III (Central Luzon),ordinary plywood,4'x8',0.75,19.05,922.7
2013,III (Central Luzon),marine plywood,4'x8',0.125,3.175,467.65
2013,III (Central Luzon),marine plywood,4'x8',0.1875,4.7625,312.48
2013,III (Central Luzon),marine plywood,4'x8',0.25,6.35,341.52
2013,III (Central Luzon),marine plywood,4'x8',0.5,12.7,639.19
2013,III (Central Luzon),marine plywood,4'x8',0.75,19.05,1010.91
2013,III (Central Luzon),plyboard,4'x8',0.75,19.05,808.53
2013,IV-A (CALABARZON),ordinary plywood,4'x8',0.125,3.175,223.57
2013,IV-A (CALABARZON),ordinary plywood,4'x8',0.1875,4.7625,300
2013,IV-A (CALABARZON),ordinary plywood,4'x8',0.25,6.35,342.07
2013,IV-A (CALABARZON),ordinary plywood,4'x8',0.5,12.7,592.47
2013,IV-A (CALABARZON),ordinary plywood,4'x8',0.75,19.05,873.27
2013,IV-A (CALABARZON),marine plywood,4'x8',0.125,3.175,-
2013,IV-A (CALABARZON),marine plywood,4'x8',0.1875,4.7625,360
2013,IV-A (CALABARZON),marine plywood,4'x8',0.25,6.35,379.55
2013,IV-A (CALABARZON),marine plywood,4'x8',0.5,12.7,713.58
2013,IV-A (CALABARZON),marine plywood,4'x8',0.75,19.05,1142.89
2013,IV-A (CALABARZON),plyboard,4'x8',0.75,19.05,839.58
2013,IV-B (MIMAROPA),ordinary plywood,4'x8',0.125,3.175,221.07
2013,IV-B (MIMAROPA),ordinary plywood,4'x8',0.1875,4.7625,294.39
2013,IV-B (MIMAROPA),ordinary plywood,4'x8',0.25,6.35,368.66
2013,IV-B (MIMAROPA),ordinary plywood,4'x8',0.5,12.7,565.12
2013,IV-B (MIMAROPA),ordinary plywood,4'x8',0.75,19.05,945.43
2013,IV-B (MIMAROPA),marine plywood,4'x8',0.125,3.175,-
2013,IV-B (MIMAROPA),marine plywood,4'x8',0.1875,4.7625,337.78
2013,IV-B (MIMAROPA),marine plywood,4'x8',0.25,6.35,378.15
2013,IV-B (MIMAROPA),marine plywood,4'x8',0.5,12.7,700.58
2013,IV-B (MIMAROPA),marine plywood,4'x8',0.75,19.05,1136
2013,IV-B (MIMAROPA),plyboard,4'x8',0.75,19.05,932.38
2013,V (Bicol Region),ordinary plywood,4'x8',0.125,3.175,258.1
2013,V (Bicol Region),ordinary plywood,4'x8',0.1875,4.7625,321.33
2013,V (Bicol Region),ordinary plywood,4'x8',0.25,6.35,341.48
2013,V (Bicol Region),ordinary plywood,4'x8',0.5,12.7,641.94
2013,V (Bicol Region),ordinary plywood,4'x8',0.75,19.05,1025.55
2013,V (Bicol Region),marine plywood,4'x8',0.125,3.175,-
2013,V (Bicol Region),marine plywood,4'x8',0.1875,4.7625,-
2013,V (Bicol Region),marine plywood,4'x8',0.25,6.35,361.45
2013,V (Bicol Region),marine plywood,4'x8',0.5,12.7,745
2013,V (Bicol Region),marine plywood,4'x8',0.75,19.05,1129.11
2013,V (Bicol Region),plyboard,4'x8',0.75,19.05,948.67
2013,VI (Western Visayas),ordinary plywood,4'x8',0.125,3.175,227.81
2013,VI (Western Visayas),ordinary plywood,4'x8',0.1875,4.7625,297.14
2013,VI (Western Visayas),ordinary plywood,4'x8',0.25,6.35,317.83
2013,VI (Western Visayas),ordinary plywood,4'x8',0.5,12.7,551.73
2013,VI (Western Visayas),ordinary plywood,4'x8',0.75,19.05,938.04
2013,VI (Western Visayas),marine plywood,4'x8',0.125,3.175,575
2013,VI (Western Visayas),marine plywood,4'x8',0.1875,4.7625,328.85
2013,VI (Western Visayas),marine plywood,4'x8',0.25,6.35,345.1
2013,VI (Western Visayas),marine plywood,4'x8',0.5,12.7,632.51
2013,VI (Western Visayas),marine plywood,4'x8',0.75,19.05,981.89
2013,VI (Western Visayas),plyboard,4'x8',0.75,19.05,823.17
2013,VII (Central Visayas),ordinary plywood,4'x8',0.125,3.175,220
2013,VII (Central Visayas),ordinary plywood,4'x8',0.1875,4.7625,295.25
2013,VII (Central Visayas),ordinary plywood,4'x8',0.25,6.35,296
2013,VII (Central Visayas),ordinary plywood,4'x8',0.5,12.7,550
2013,VII (Central Visayas),ordinary plywood,4'x8',0.75,19.05,880
2013,VII (Central Visayas),marine plywood,4'x8',0.125,3.175,-
2013,VII (Central Visayas),marine plywood,4'x8',0.1875,4.7625,316.25
2013,VII (Central Visayas),marine plywood,4'x8',0.25,6.35,335
2013,VII (Central Visayas),marine plywood,4'x8',0.5,12.7,629
2013,VII (Central Visayas),marine plywood,4'x8',0.75,19.05,975
2013,VII (Central Visayas),plyboard,4'x8',0.75,19.05,777
2013,VIII (Eastern Visayas),ordinary plywood,4'x8',0.125,3.175,238
2013,VIII (Eastern Visayas),ordinary plywood,4'x8',0.1875,4.7625,350
2013,VIII (Eastern Visayas),ordinary plywood,4'x8',0.25,6.35,330
2013,VIII (Eastern Visayas),ordinary plywood,4'x8',0.5,12.7,576
2013,VIII (Eastern Visayas),ordinary plywood,4'x8',0.75,19.05,920.83
2013,VIII (Eastern Visayas),marine plywood,4'x8',0.125,3.175,-
2013,VIII (Eastern Visayas),marine plywood,4'x8',0.1875,4.7625,348.33
2013,VIII (Eastern Visayas),marine plywood,4'x8',0.25,6.35,370
2013,VIII (Eastern Visayas),marine plywood,4'x8',0.5,12.7,716.67
2013,VIII (Eastern Visayas),marine plywood,4'x8',0.75,19.05,1051.67
2013,VIII (Eastern Visayas),plyboard,4'x8',0.75,19.05,867.67
2013,IX (Zamboanga Peninsula),ordinary plywood,4'x8',0.125,3.175,229.45
2013,IX (Zamboanga Peninsula),ordinary plywood,4'x8',0.1875,4.7625,324.44
2013,IX (Zamboanga Peninsula),ordinary plywood,4'x8',0.25,6.35,372.78
2013,IX (Zamboanga Peninsula),ordinary plywood,4'x8',0.5,12.7,671.22
2013,IX (Zamboanga Peninsula),ordinary plywood,4'x8',0.75,19.05,1021.11
2013,IX (Zamboanga Peninsula),marine plywood,4'x8',0.125,3.175,-
2013,IX (Zamboanga Peninsula),marine plywood,4'x8',0.1875,4.7625,-
2013,IX (Zamboanga Peninsula),marine plywood,4'x8',0.25,6.35,401
2013,IX (Zamboanga Peninsula),marine plywood,4'x8',0.5,12.7,788.11
2013,IX (Zamboanga Peninsula),marine plywood,4'x8',0.75,19.05,1287.34
2013,IX (Zamboanga Peninsula),plyboard,4'x8',0.75,19.05,951.11
2013,X (Northern Mindanao),ordinary plywood,4'x8',0.125,3.175,234.45
2013,X (Northern Mindanao),ordinary plywood,4'x8',0.1875,4.7625,287.61
2013,X (Northern Mindanao),ordinary plywood,4'x8',0.25,6.35,275.39
2013,X (Northern Mindanao),ordinary plywood,4'x8',0.5,12.7,565.44
2013,X (Northern Mindanao),ordinary plywood,4'x8',0.75,19.05,847.5
2013,X (Northern Mindanao),marine plywood,4'x8',0.125,3.175,-
2013,X (Northern Mindanao),marine plywood,4'x8',0.1875,4.7625,-
2013,X (Northern Mindanao),marine plywood,4'x8',0.25,6.35,316.99
2013,X (Northern Mindanao),marine plywood,4'x8',0.5,12.7,620.17
2013,X (Northern Mindanao),marine plywood,4'x8',0.75,19.05,1009.44
2013,X (Northern Mindanao),plyboard,4'x8',0.75,19.05,698.82
2013,XI (Davao Region),ordinary plywood,4'x8',0.125,3.175,213.35
2013,XI (Davao Region),ordinary plywood,4'x8',0.1875,4.7625,284.17
2013,XI (Davao Region),ordinary plywood,4'x8',0.25,6.35,445.69
2013,XI (Davao Region),ordinary plywood,4'x8',0.5,12.7,542.52
2013,XI (Davao Region),ordinary plywood,4'x8',0.75,19.05,757.5
2013,XI (Davao Region),marine plywood,4'x8',0.125,3.175,-
2013,XI (Davao Region),marine plywood,4'x8',0.1875,4.7625,324.7
2013,XI (Davao Region),marine plywood,4'x8',0.25,6.35,553.93
2013,XI (Davao Region),marine plywood,4'x8',0.5,12.7,614.5
2013,XI (Davao Region),marine plywood,4'x8',0.75,19.05,959.95
2013,XI (Davao Region),plyboard,4'x8',0.75,19.05,858.66
2013,XII (SOCCSKSARGEN),ordinary plywood,4'x8',0.125,3.175,184.17
2013,XII (SOCCSKSARGEN),ordinary plywood,4'x8',0.1875,4.7625,244.67
2013,XII (SOCCSKSARGEN),ordinary plywood,4'x8',0.25,6.35,445.73
2013,XII (SOCCSKSARGEN),ordinary plywood,4'x8',0.5,12.7,342.71
2013,XII (SOCCSKSARGEN),ordinary plywood,4'x8',0.75,19.05,-
2013,XII (SOCCSKSARGEN),marine plywood,4'x8',0.125,3.175,-
2013,XII (SOCCSKSARGEN),marine plywood,4'x8',0.1875,4.7625,-
2013,XII (SOCCSKSARGEN),marine plywood,4'x8',0.25,6.35,370
2013,XII (SOCCSKSARGEN),marine plywood,4'x8',0.5,12.7,521.67
2013,XII (SOCCSKSARGEN),marine plywood,4'x8',0.75,19.05,725.03
2013,XII (SOCCSKSARGEN),plyboard,4'x8',0.75,19.05,-
2013,XIII (Caraga),ordinary plywood,4'x8',0.125,3.175,229.25
2013,XIII (Caraga),ordinary plywood,4'x8',0.1875,4.7625,285
2013,XIII (Caraga),ordinary plywood,4'x8',0.25,6.35,312.5
2013,XIII (Caraga),ordinary plywood,4'x8',0.5,12.7,496.5
2013,XIII (Caraga),ordinary plywood,4'x8',0.75,19.05,675
2013,XIII (Caraga),marine plywood,4'x8',0.125,3.175,287
2013,XIII (Caraga),marine plywood,4'x8',0.1875,4.7625,324
2013,XIII (Caraga),marine plywood,4'x8',0.25,6.35,338.5
2013,XIII (Caraga),marine plywood,4'x8',0.5,12.7,733.25
2013,XIII (Caraga),marine plywood,4'x8',0.75,19.05,1029.38
2013,XIII (Caraga),plyboard,4'x8',0.75,19.05,993.75
2012,National,ordinary plywood,4'x8',0.125,3.175,205.78
2012,National,ordinary plywood,4'x8',0.1875,4.7625,268.9
2012,National,ordinary plywood,4'x8',0.25,6.35,298.22
2012,National,ordinary plywood,4'x8',0.5,12.7,512.06
2012,National,ordinary plywood,4'x8',0.75,19.05,827.27
2012,National,marine plywood,4'x8',0.25,6.35,334.31
2012,National,marine plywood,4'x8',0.5,12.7,623.77
2012,National,marine plywood,4'x8',0.75,19.05,989.08
2012,National,plyboard,4'x8',0.75,19.05,735.78
2012,NCR,ordinary plywood,4'x8',0.125,3.175,-
2012,NCR,ordinary plywood,4'x8',0.1875,4.7625,-
2012,NCR,ordinary plywood,4'x8',0.25,6.35,-
2012,NCR,ordinary plywood,4'x8',0.5,12.7,-
2012,NCR,ordinary plywood,4'x8',0.75,19.05,-
2012,NCR,marine plywood,4'x8',0.25,6.35,-
2012,NCR,marine plywood,4'x8',0.5,12.7,-
2012,NCR,marine plywood,4'x8',0.75,19.05,-
2012,NCR,plyboard,4'x8',0.75,19.05,741.62
2012,CAR,ordinary plywood,4'x8',0.125,3.175,209.96
2012,CAR,ordinary plywood,4'x8',0.1875,4.7625,267.88
2012,CAR,ordinary plywood,4'x8',0.25,6.35,311.35
2012,CAR,ordinary plywood,4'x8',0.5,12.7,525.28
2012,CAR,ordinary plywood,4'x8',0.75,19.05,872.51
2012,CAR,marine plywood,4'x8',0.25,6.35,-
2012,CAR,marine plywood,4'x8',0.5,12.7,-
2012,CAR,marine plywood,4'x8',0.75,19.05,-
2012,CAR,plyboard,4'x8',0.75,19.05,821.62
2012,I (Ilocos Region),ordinary plywood,4'x8',0.125,3.175,208.5
2012,I (Ilocos Region),ordinary plywood,4'x8',0.1875,4.7625,273.54
2012,I (Ilocos Region),ordinary plywood,4'x8',0.25,6.35,305.05
2012,I (Ilocos Region),ordinary plywood,4'x8',0.5,12.7,534.3
2012,I (Ilocos Region),ordinary plywood,4'x8',0.75,19.05,831.97
2012,I (Ilocos Region),marine plywood,4'x8',0.25,6.35,326.14
2012,I (Ilocos Region),marine plywood,4'x8',0.5,12.7,620.56
2012,I (Ilocos Region),marine plywood,4'x8',0.75,19.05,989.09
2012,I (Ilocos Region),plyboard,4'x8',0.75,19.05,803.88
2012,II (Cagayan Valley),ordinary plywood,4'x8',0.125,3.175,209.27
2012,II (Cagayan Valley),ordinary plywood,4'x8',0.1875,4.7625,284.46
2012,II (Cagayan Valley),ordinary plywood,4'x8',0.25,6.35,308.7
2012,II (Cagayan Valley),ordinary plywood,4'x8',0.5,12.7,524.15
2012,II (Cagayan Valley),ordinary plywood,4'x8',0.75,19.05,851.16
2012,II (Cagayan Valley),marine plywood,4'x8',0.25,6.35,362.69
2012,II (Cagayan Valley),marine plywood,4'x8',0.5,12.7,617.1
2012,II (Cagayan Valley),marine plywood,4'x8',0.75,19.05,974.44
2012,II (Cagayan Valley),plyboard,4'x8',0.75,19.05,775.17
2012,III (Central Luzon),ordinary plywood,4'x8',0.125,3.175,210.37
2012,III (Central Luzon),ordinary plywood,4'x8',0.1875,4.7625,311.11
2012,III (Central Luzon),ordinary plywood,4'x8',0.25,6.35,296.81
2012,III (Central Luzon),ordinary plywood,4'x8',0.5,12.7,470.34
2012,III (Central Luzon),ordinary plywood,4'x8',0.75,19.05,793.17
2012,III (Central Luzon),marine plywood,4'x8',0.25,6.35,331.42
2012,III (Central Luzon),marine plywood,4'x8',0.5,12.7,591.4
2012,III (Central Luzon),marine plywood,4'x8',0.75,19.05,929.78
2012,III (Central Luzon),plyboard,4'x8',0.75,19.05,720.85
2012,IV-A (CALABARZON),ordinary plywood,4'x8',0.125,3.175,223.01
2012,IV-A (CALABARZON),ordinary plywood,4'x8',0.1875,4.7625,285.35
2012,IV-A (CALABARZON),ordinary plywood,4'x8',0.25,6.35,319.37
2012,IV-A (CALABARZON),ordinary plywood,4'x8',0.5,12.7,506.09
2012,IV-A (CALABARZON),ordinary plywood,4'x8',0.75,19.05,776.55
2012,IV-A (CALABARZON),marine plywood,4'x8',0.25,6.35,366.13
2012,IV-A (CALABARZON),marine plywood,4'x8',0.5,12.7,624.05
2012,IV-A (CALABARZON),marine plywood,4'x8',0.75,19.05,948.86
2012,IV-A (CALABARZON),plyboard,4'x8',0.75,19.05,771.32
2012,IV-B (MIMAROPA),ordinary plywood,4'x8',0.125,3.175,232.5
2012,IV-B (MIMAROPA),ordinary plywood,4'x8',0.1875,4.7625,277.5
2012,IV-B (MIMAROPA),ordinary plywood,4'x8',0.25,6.35,324
2012,IV-B (MIMAROPA),ordinary plywood,4'x8',0.5,12.7,552.5
2012,IV-B (MIMAROPA),ordinary plywood,4'x8',0.75,19.05,880
2012,IV-B (MIMAROPA),marine plywood,4'x8',0.25,6.35,350.32
2012,IV-B (MIMAROPA),marine plywood,4'x8',0.5,12.7,596.92
2012,IV-B (MIMAROPA),marine plywood,4'x8',0.75,19.05,939.33
2012,IV-B (MIMAROPA),plyboard,4'x8',0.75,19.05,823.54
2012,V (Bicol Region),ordinary plywood,4'x8',0.125,3.175,216.67
2012,V (Bicol Region),ordinary plywood,4'x8',0.1875,4.7625,300
2012,V (Bicol Region),ordinary plywood,4'x8',0.25,6.35,313.33
2012,V (Bicol Region),ordinary plywood,4'x8',0.5,12.7,540
2012,V (Bicol Region),ordinary plywood,4'x8',0.75,19.05,878.33
2012,V (Bicol Region),marine plywood,4'x8',0.25,6.35,348.89
2012,V (Bicol Region),marine plywood,4'x8',0.5,12.7,731.39
2012,V (Bicol Region),marine plywood,4'x8',0.75,19.05,1058.56
2012,V (Bicol Region),plyboard,4'x8',0.75,19.05,794.03
2012,VI (Western Visayas),ordinary plywood,4'x8',0.125,3.175,185.35
2012,VI (Western Visayas),ordinary plywood,4'x8',0.1875,4.7625,277.27
2012,VI (Western Visayas),ordinary plywood,4'x8',0.25,6.35,293.41
2012,VI (Western Visayas),ordinary plywood,4'x8',0.5,12.7,505.68
2012,VI (Western Visayas),ordinary plywood,4'x8',0.75,19.05,796.63
2012,VI (Western Visayas),marine plywood,4'x8',0.25,6.35,316.92
2012,VI (Western Visayas),marine plywood,4'x8',0.5,12.7,629.96
2012,VI (Western Visayas),marine plywood,4'x8',0.75,19.05,-
2012,VI (Western Visayas),plyboard,4'x8',0.75,19.05,720.78
2012,VII (Central Visayas),ordinary plywood,4'x8',0.125,3.175,209.61
2012,VII (Central Visayas),ordinary plywood,4'x8',0.1875,4.7625,264.58
2012,VII (Central Visayas),ordinary plywood,4'x8',0.25,6.35,296
2012,VII (Central Visayas),ordinary plywood,4'x8',0.5,12.7,506.33
2012,VII (Central Visayas),ordinary plywood,4'x8',0.75,19.05,793.28
2012,VII (Central Visayas),marine plywood,4'x8',0.25,6.35,316.52
2012,VII (Central Visayas),marine plywood,4'x8',0.5,12.7,653.58
2012,VII (Central Visayas),marine plywood,4'x8',0.75,19.05,959.4
2012,VII (Central Visayas),plyboard,4'x8',0.75,19.05,682.37
2012,VIII (Eastern Visayas),ordinary plywood,4'x8',0.125,3.175,246.13
2012,VIII (Eastern Visayas),ordinary plywood,4'x8',0.1875,4.7625,275.5
2012,VIII (Eastern Visayas),ordinary plywood,4'x8',0.25,6.35,307.5
2012,VIII (Eastern Visayas),ordinary plywood,4'x8',0.5,12.7,536.25
2012,VIII (Eastern Visayas),ordinary plywood,4'x8',0.75,19.05,887
2012,VIII (Eastern Visayas),marine plywood,4'x8',0.25,6.35,339.75
2012,VIII (Eastern Visayas),marine plywood,4'x8',0.5,12.7,613.75
2012,VIII (Eastern Visayas),marine plywood,4'x8',0.75,19.05,986.33
2012,VIII (Eastern Visayas),plyboard,4'x8',0.75,19.05,743.25
2012,IX (Zamboanga Peninsula),ordinary plywood,4'x8',0.125,3.175,185.39
2012,IX (Zamboanga Peninsula),ordinary plywood,4'x8',0.1875,4.7625,260.36
2012,IX (Zamboanga Peninsula),ordinary plywood,4'x8',0.25,6.35,287
2012,IX (Zamboanga Peninsula),ordinary plywood,4'x8',0.5,12.7,547.08
2012,IX (Zamboanga Peninsula),ordinary plywood,4'x8',0.75,19.05,821.67
2012,IX (Zamboanga Peninsula),marine plywood,4'x8',0.25,6.35,359.56
2012,IX (Zamboanga Peninsula),marine plywood,4'x8',0.5,12.7,693.75
2012,IX (Zamboanga Peninsula),marine plywood,4'x8',0.75,19.05,1081.49
2012,IX (Zamboanga Peninsula),plyboard,4'x8',0.75,19.05,710.36
2012,X (Northern Mindanao),ordinary plywood,4'x8',0.125,3.175,178
2012,X (Northern Mindanao),ordinary plywood,4'x8',0.1875,4.7625,214.5
2012,X (Northern Mindanao),ordinary plywood,4'x8',0.25,6.35,233.29
2012,X (Northern Mindanao),ordinary plywood,4'x8',0.5,12.7,-
2012,X (Northern Mindanao),ordinary plywood,4'x8',0.75,19.05,-
2012,X (Northern Mindanao),marine plywood,4'x8',0.25,6.35,296
2012,X (Northern Mindanao),marine plywood,4'x8',0.5,12.7,562
2012,X (Northern Mindanao),marine plywood,4'x8',0.75,19.05,-
2012,X (Northern Mindanao),plyboard,4'x8',0.75,19.05,627
2012,XI (Davao Region),ordinary plywood,4'x8',0.125,3.175,200.5
2012,XI (Davao Region),ordinary plywood,4'x8',0.1875,4.7625,258.88
2012,XI (Davao Region),ordinary plywood,4'x8',0.25,6.35,311.74
2012,XI (Davao Region),ordinary plywood,4'x8',0.5,12.7,548.33
2012,XI (Davao Region),ordinary plywood,4'x8',0.75,19.05,-
2012,XI (Davao Region),marine plywood,4'x8',0.25,6.35,391.46
2012,XI (Davao Region),marine plywood,4'x8',0.5,12.7,595.63
2012,XI (Davao Region),marine plywood,4'x8',0.75,19.05,943.72
2012,XI (Davao Region),plyboard,4'x8',0.75,19.05,789.51
2012,XII (SOCCSKSARGEN),ordinary plywood,4'x8',0.125,3.175,180
2012,XII (SOCCSKSARGEN),ordinary plywood,4'x8',0.1875,4.7625,235
2012,XII (SOCCSKSARGEN),ordinary plywood,4'x8',0.25,6.35,-
2012,XII (SOCCSKSARGEN),ordinary plywood,4'x8',0.5,12.7,442.5
2012,XII (SOCCSKSARGEN),ordinary plywood,4'x8',0.75,19.05,745
2012,XII (SOCCSKSARGEN),marine plywood,4'x8',0.25,6.35,282.5
2012,XII (SOCCSKSARGEN),marine plywood,4'x8',0.5,12.7,635
2012,XII (SOCCSKSARGEN),marine plywood,4'x8',0.75,19.05,1200
2012,XII (SOCCSKSARGEN),plyboard,4'x8',0.75,19.05,620
2012,XIII (Caraga),ordinary plywood,4'x8',0.125,3.175,191.5
2012,XIII (Caraga),ordinary plywood,4'x8',0.1875,4.7625,247.5
2012,XIII (Caraga),ordinary plywood,4'x8',0.25,6.35,267.5
2012,XIII (Caraga),ordinary plywood,4'x8',0.5,12.7,430
2012,XIII (Caraga),ordinary plywood,4'x8',0.75,19.05,-
2012,XIII (Caraga),marine plywood,4'x8',0.25,6.35,292.08
2012,XIII (Caraga),marine plywood,4'x8',0.5,12.7,567.71
2012,XIII (Caraga),marine plywood,4'x8',0.75,19.05,857.92
2012,XIII (Caraga),plyboard,4'x8',0.75,19.05,627.17
2011,National,ordinary plywood,4'x8',0.125,3.175,223.91
2011,National,ordinary plywood,4'x8',0.1875,4.7625,304.14
2011,National,ordinary plywood,4'x8',0.25,6.35,316.46
2011,National,ordinary plywood,4'x8',0.5,12.7,536.49
2011,National,ordinary plywood,4'x8',0.75,19.05,879.01
2011,National,marine plywood,4'x8',0.25,6.35,360.14
2011,National,marine plywood,4'x8',0.5,12.7,661.3
2011,National,marine plywood,4'x8',0.75,19.05,1032.9
2011,National,plyboard,4'x8',0.75,19.05,843.71
2011,NCR,ordinary plywood,4'x8',0.125,3.175,198.19
2011,NCR,ordinary plywood,4'x8',0.1875,4.7625,313.95
2011,NCR,ordinary plywood,4'x8',0.25,6.35,-
2011,NCR,ordinary plywood,4'x8',0.5,12.7,-
2011,NCR,ordinary plywood,4'x8',0.75,19.05,846.95
2011,NCR,marine plywood,4'x8',0.25,6.35,-
2011,NCR,marine plywood,4'x8',0.5,12.7,-
2011,NCR,marine plywood,4'x8',0.75,19.05,966.3
2011,NCR,plyboard,4'x8',0.75,19.05,870.06
2011,CAR,ordinary plywood,4'x8',0.125,3.175,217.74
2011,CAR,ordinary plywood,4'x8',0.1875,4.7625,292.33
2011,CAR,ordinary plywood,4'x8',0.25,6.35,331.51
2011,CAR,ordinary plywood,4'x8',0.5,12.7,560.02
2011,CAR,ordinary plywood,4'x8',0.75,19.05,906.35
2011,CAR,marine plywood,4'x8',0.25,6.35,359.96
2011,CAR,marine plywood,4'x8',0.5,12.7,672.35
2011,CAR,marine plywood,4'x8',0.75,19.05,1064.87
2011,CAR,plyboard,4'x8',0.75,19.05,928.6
2011,I (Ilocos Region),ordinary plywood,4'x8',0.125,3.175,234
2011,I (Ilocos Region),ordinary plywood,4'x8',0.1875,4.7625,318.73
2011,I (Ilocos Region),ordinary plywood,4'x8',0.25,6.35,333.96
2011,I (Ilocos Region),ordinary plywood,4'x8',0.5,12.7,579.32
2011,I (Ilocos Region),ordinary plywood,4'x8',0.75,19.05,978.5
2011,I (Ilocos Region),marine plywood,4'x8',0.25,6.35,359.03
2011,I (Ilocos Region),marine plywood,4'x8',0.5,12.7,672.42
2011,I (Ilocos Region),marine plywood,4'x8',0.75,19.05,1109.13
2011,I (Ilocos Region),plyboard,4'x8',0.75,19.05,888.25
2011,II (Cagayan Valley),ordinary plywood,4'x8',0.125,3.175,230.71
2011,II (Cagayan Valley),ordinary plywood,4'x8',0.1875,4.7625,353.29
2011,II (Cagayan Valley),ordinary plywood,4'x8',0.25,6.35,336.42
2011,II (Cagayan Valley),ordinary plywood,4'x8',0.5,12.7,563.64
2011,II (Cagayan Valley),ordinary plywood,4'x8',0.75,19.05,903.9
2011,II (Cagayan Valley),marine plywood,4'x8',0.25,6.35,358.98
2011,II (Cagayan Valley),marine plywood,4'x8',0.5,12.7,637.22
2011,II (Cagayan Valley),marine plywood,4'x8',0.75,19.05,1018.64
2011,II (Cagayan Valley),plyboard,4'x8',0.75,19.05,882.44
2011,III (Central Luzon),ordinary plywood,4'x8',0.125,3.175,238.37
2011,III (Central Luzon),ordinary plywood,4'x8',0.1875,4.7625,386.02
2011,III (Central Luzon),ordinary plywood,4'x8',0.25,6.35,322.45
2011,III (Central Luzon),ordinary plywood,4'x8',0.5,12.7,532.82
2011,III (Central Luzon),ordinary plywood,4'x8',0.75,19.05,894.47
2011,III (Central Luzon),marine plywood,4'x8',0.25,6.35,351.36
2011,III (Central Luzon),marine plywood,4'x8',0.5,12.7,634.04
2011,III (Central Luzon),marine plywood,4'x8',0.75,19.05,1170.85
2011,III (Central Luzon),plyboard,4'x8',0.75,19.05,793.65
2011,IV-A (CALABARZON),ordinary plywood,4'x8',0.125,3.175,224.23
2011,IV-A (CALABARZON),ordinary plywood,4'x8',0.1875,4.7625,292.59
2011,IV-A (CALABARZON),ordinary plywood,4'x8',0.25,6.35,323.9
2011,IV-A (CALABARZON),ordinary plywood,4'x8',0.5,12.7,578.49
2011,IV-A (CALABARZON),ordinary plywood,4'x8',0.75,19.05,897.49
2011,IV-A (CALABARZON),marine plywood,4'x8',0.25,6.35,378.43
2011,IV-A (CALABARZON),marine plywood,4'x8',0.5,12.7,723.95
2011,IV-A (CALABARZON),marine plywood,4'x8',0.75,19.05,1080.34
2011,IV-A (CALABARZON),plyboard,4'x8',0.75,19.05,909.08
2011,IV-B (MIMAROPA),ordinary plywood,4'x8',0.125,3.175,238.69
2011,IV-B (MIMAROPA),ordinary plywood,4'x8',0.1875,4.7625,312.59
2011,IV-B (MIMAROPA),ordinary plywood,4'x8',0.25,6.35,322
2011,IV-B (MIMAROPA),ordinary plywood,4'x8',0.5,12.7,567.5
2011,IV-B (MIMAROPA),ordinary plywood,4'x8',0.75,19.05,1002.51
2011,IV-B (MIMAROPA),marine plywood,4'x8',0.25,6.35,353.17
2011,IV-B (MIMAROPA),marine plywood,4'x8',0.5,12.7,651.67
2011,IV-B (MIMAROPA),marine plywood,4'x8',0.75,19.05,1007.5
2011,IV-B (MIMAROPA),plyboard,4'x8',0.75,19.05,798.33
2011,V (Bicol Region),ordinary plywood,4'x8',0.125,3.175,216.67
2011,V (Bicol Region),ordinary plywood,4'x8',0.1875,4.7625,300
2011,V (Bicol Region),ordinary plywood,4'x8',0.25,6.35,313.33
2011,V (Bicol Region),ordinary plywood,4'x8',0.5,12.7,540
2011,V (Bicol Region),ordinary plywood,4'x8',0.75,19.05,878.33
2011,V (Bicol Region),marine plywood,4'x8',0.25,6.35,345
2011,V (Bicol Region),marine plywood,4'x8',0.5,12.7,748.33
2011,V (Bicol Region),marine plywood,4'x8',0.75,19.05,966.67
2011,V (Bicol Region),plyboard,4'x8',0.75,19.05,975.34
2011,VI (Western Visayas),ordinary plywood,4'x8',0.125,3.175,263.76
2011,VI (Western Visayas),ordinary plywood,4'x8',0.1875,4.7625,302.82
2011,VI (Western Visayas),ordinary plywood,4'x8',0.25,6.35,321.77
2011,VI (Western Visayas),ordinary plywood,4'x8',0.5,12.7,552.98
2011,VI (Western Visayas),ordinary plywood,4'x8',0.75,19.05,898.01
2011,VI (Western Visayas),marine plywood,4'x8',0.25,6.35,387.65
2011,VI (Western Visayas),marine plywood,4'x8',0.5,12.7,659.45
2011,VI (Western Visayas),marine plywood,4'x8',0.75,19.05,1009.55
2011,VI (Western Visayas),plyboard,4'x8',0.75,19.05,-
2011,VII (Central Visayas),ordinary plywood,4'x8',0.125,3.175,209.61
2011,VII (Central Visayas),ordinary plywood,4'x8',0.1875,4.7625,264.58
2011,VII (Central Visayas),ordinary plywood,4'x8',0.25,6.35,296
2011,VII (Central Visayas),ordinary plywood,4'x8',0.5,12.7,506.33
2011,VII (Central Visayas),ordinary plywood,4'x8',0.75,19.05,793.3
2011,VII (Central Visayas),marine plywood,4'x8',0.25,6.35,316.52
2011,VII (Central Visayas),marine plywood,4'x8',0.5,12.7,653.58
2011,VII (Central Visayas),marine plywood,4'x8',0.75,19.05,959.4
2011,VII (Central Visayas),plyboard,4'x8',0.75,19.05,686.37
2011,VIII (Eastern Visayas),ordinary plywood,4'x8',0.125,3.175,254.79
2011,VIII (Eastern Visayas),ordinary plywood,4'x8',0.1875,4.7625,333.96
2011,VIII (Eastern Visayas),ordinary plywood,4'x8',0.25,6.35,333.33
2011,VIII (Eastern Visayas),ordinary plywood,4'x8',0.5,12.7,519.13
2011,VIII (Eastern Visayas),ordinary plywood,4'x8',0.75,19.05,875.21
2011,VIII (Eastern Visayas),marine plywood,4'x8',0.25,6.35,368.75
2011,VIII (Eastern Visayas),marine plywood,4'x8',0.5,12.7,697.08
2011,VIII (Eastern Visayas),marine plywood,4'x8',0.75,19.05,1046.36
2011,VIII (Eastern Visayas),plyboard,4'x8',0.75,19.05,-
2011,IX (Zamboanga Peninsula),ordinary plywood,4'x8',0.125,3.175,198.53
2011,IX (Zamboanga Peninsula),ordinary plywood,4'x8',0.1875,4.7625,288.33
2011,IX (Zamboanga Peninsula),ordinary plywood,4'x8',0.25,6.35,316.83
2011,IX (Zamboanga Peninsula),ordinary plywood,4'x8',0.5,12.7,590.25
2011,IX (Zamboanga Peninsula),ordinary plywood,4'x8',0.75,19.05,884.62
2011,IX (Zamboanga Peninsula),marine plywood,4'x8',0.25,6.35,354.83
2011,IX (Zamboanga Peninsula),marine plywood,4'x8',0.5,12.7,691.47
2011,IX (Zamboanga Peninsula),marine plywood,4'x8',0.75,19.05,1133.39
2011,IX (Zamboanga Peninsula),plyboard,4'x8',0.75,19.05,946.67
2011,X (Northern Mindanao),ordinary plywood,4'x8',0.125,3.175,178
2011,X (Northern Mindanao),ordinary plywood,4'x8',0.1875,4.7625,214.5
2011,X (Northern Mindanao),ordinary plywood,4'x8',0.25,6.35,235
2011,X (Northern Mindanao),ordinary plywood,4'x8',0.5,12.7,-
2011,X (Northern Mindanao),ordinary plywood,4'x8',0.75,19.05,-
2011,X (Northern Mindanao),marine plywood,4'x8',0.25,6.35,296
2011,X (Northern Mindanao),marine plywood,4'x8',0.5,12.7,562
2011,X (Northern Mindanao),marine plywood,4'x8',0.75,19.05,-
2011,X (Northern Mindanao),plyboard,4'x8',0.75,19.05,627
2011,XI (Davao Region),ordinary plywood,4'x8',0.125,3.175,242.15
2011,XI (Davao Region),ordinary plywood,4'x8',0.1875,4.7625,298.19
2011,XI (Davao Region),ordinary plywood,4'x8',0.25,6.35,327.42
2011,XI (Davao Region),ordinary plywood,4'x8',0.5,12.7,562.81
2011,XI (Davao Region),ordinary plywood,4'x8',0.75,19.05,950
2011,XI (Davao Region),marine plywood,4'x8',0.25,6.35,427.87
2011,XI (Davao Region),marine plywood,4'x8',0.5,12.7,594.37
2011,XI (Davao Region),marine plywood,4'x8',0.75,19.05,933.21
2011,XI (Davao Region),plyboard,4'x8',0.75,19.05,837.46
2011,XII (SOCCSKSARGEN),ordinary plywood,4'x8',0.125,3.175,213.25
2011,XII (SOCCSKSARGEN),ordinary plywood,4'x8',0.1875,4.7625,300.33
2011,XII (SOCCSKSARGEN),ordinary plywood,4'x8',0.25,6.35,-
2011,XII (SOCCSKSARGEN),ordinary plywood,4'x8',0.5,12.7,442.5
2011,XII (SOCCSKSARGEN),ordinary plywood,4'x8',0.75,19.05,745
2011,XII (SOCCSKSARGEN),marine plywood,4'x8',0.25,6.35,402.5
2011,XII (SOCCSKSARGEN),marine plywood,4'x8',0.5,12.7,638.33
2011,XII (SOCCSKSARGEN),marine plywood,4'x8',0.75,19.05,1157.42
2011,XII (SOCCSKSARGEN),plyboard,4'x8',0.75,19.05,851.25
2011,XIII (Caraga),ordinary plywood,4'x8',0.125,3.175,-
2011,XIII (Caraga),ordinary plywood,4'x8',0.1875,4.7625,294
2011,XIII (Caraga),ordinary plywood,4'x8',0.25,6.35,-
2011,XIII (Caraga),ordinary plywood,4'x8',0.5,12.7,415
2011,XIII (Caraga),ordinary plywood,4'x8',0.75,19.05,730.5
2011,XIII (Caraga),marine plywood,4'x8',0.25,6.35,342.08
2011,XIII (Caraga),marine plywood,4'x8',0.5,12.7,683.28
2011,XIII (Caraga),marine plywood,4'x8',0.75,19.05,869.82
2011,XIII (Caraga),plyboard,4'x8',0.75,19.05,817.4
2010,National,ordinary plywood,4'x8',0.125,3.175,251.45
2010,National,ordinary plywood,4'x8',0.1875,4.7625,316.08
2010,National,ordinary plywood,4'x8',0.25,6.35,390.35
2010,National,ordinary plywood,4'x8',0.5,12.7,593.45
2010,National,ordinary plywood,4'x8',0.75,19.05,880.14
2010,National,marine plywood,4'x8',0.25,6.35,426.73
2010,National,marine plywood,4'x8',0.5,12.7,705.59
2010,National,marine plywood,4'x8',0.75,19.05,1120.97
2010,National,plyboard,4'x8',0.75,19.05,837.68
2010,NCR,ordinary plywood,4'x8',0.125,3.175,420
2010,NCR,ordinary plywood,4'x8',0.1875,4.7625,339.69
2010,NCR,ordinary plywood,4'x8',0.25,6.35,602.14
2010,NCR,ordinary plywood,4'x8',0.5,12.7,-
2010,NCR,ordinary plywood,4'x8',0.75,19.05,891.67
2010,NCR,marine plywood,4'x8',0.25,6.35,658.78
2010,NCR,marine plywood,4'x8',0.5,12.7,-
2010,NCR,marine plywood,4'x8',0.75,19.05,994.33
2010,NCR,plyboard,4'x8',0.75,19.05,870.06
2010,CAR,ordinary plywood,4'x8',0.125,3.175,235.4
2010,CAR,ordinary plywood,4'x8',0.1875,4.7625,296.26
2010,CAR,ordinary plywood,4'x8',0.25,6.35,334.2
2010,CAR,ordinary plywood,4'x8',0.5,12.7,576
2010,CAR,ordinary plywood,4'x8',0.75,19.05,967.4
2010,CAR,marine plywood,4'x8',0.25,6.35,363.9
2010,CAR,marine plywood,4'x8',0.5,12.7,665
2010,CAR,marine plywood,4'x8',0.75,19.05,1094.9
2010,CAR,plyboard,4'x8',0.75,19.05,928.6
2010,I (Ilocos Region),ordinary plywood,4'x8',0.125,3.175,220.5
2010,I (Ilocos Region),ordinary plywood,4'x8',0.1875,4.7625,318.71
2010,I (Ilocos Region),ordinary plywood,4'x8',0.25,6.35,335.97
2010,I (Ilocos Region),ordinary plywood,4'x8',0.5,12.7,607.5
2010,I (Ilocos Region),ordinary plywood,4'x8',0.75,19.05,972.07
2010,I (Ilocos Region),marine plywood,4'x8',0.25,6.35,429.81
2010,I (Ilocos Region),marine plywood,4'x8',0.5,12.7,684.47
2010,I (Ilocos Region),marine plywood,4'x8',0.75,19.05,1094.9
2010,I (Ilocos Region),plyboard,4'x8',0.75,19.05,803.88
2010,II (Cagayan Valley),ordinary plywood,4'x8',0.125,3.175,326.19
2010,II (Cagayan Valley),ordinary plywood,4'x8',0.1875,4.7625,370.55
2010,II (Cagayan Valley),ordinary plywood,4'x8',0.25,6.35,388.56
2010,II (Cagayan Valley),ordinary plywood,4'x8',0.5,12.7,770.85
2010,II (Cagayan Valley),ordinary plywood,4'x8',0.75,19.05,1105.36
2010,II (Cagayan Valley),marine plywood,4'x8',0.25,6.35,434.81
2010,II (Cagayan Valley),marine plywood,4'x8',0.5,12.7,773.15
2010,II (Cagayan Valley),marine plywood,4'x8',0.75,19.05,1228.32
2010,II (Cagayan Valley),plyboard,4'x8',0.75,19.05,882.44
2010,III (Central Luzon),ordinary plywood,4'x8',0.125,3.175,215.61
2010,III (Central Luzon),ordinary plywood,4'x8',0.1875,4.7625,403.96
2010,III (Central Luzon),ordinary plywood,4'x8',0.25,6.35,306.25
2010,III (Central Luzon),ordinary plywood,4'x8',0.5,12.7,595.04
2010,III (Central Luzon),ordinary plywood,4'x8',0.75,19.05,889.36
2010,III (Central Luzon),marine plywood,4'x8',0.25,6.35,353.53
2010,III (Central Luzon),marine plywood,4'x8',0.5,12.7,634.67
2010,III (Central Luzon),marine plywood,4'x8',0.75,19.05,946.07
2010,III (Central Luzon),plyboard,4'x8',0.75,19.05,793.65
2010,IV-A (CALABARZON),ordinary plywood,4'x8',0.125,3.175,227.71
2010,IV-A (CALABARZON),ordinary plywood,4'x8',0.1875,4.7625,307.96
2010,IV-A (CALABARZON),ordinary plywood,4'x8',0.25,6.35,360
2010,IV-A (CALABARZON),ordinary plywood,4'x8',0.5,12.7,511
2010,IV-A (CALABARZON),ordinary plywood,4'x8',0.75,19.05,797.22
2010,IV-A (CALABARZON),marine plywood,4'x8',0.25,6.35,409.71
2010,IV-A (CALABARZON),marine plywood,4'x8',0.5,12.7,738.49
2010,IV-A (CALABARZON),marine plywood,4'x8',0.75,19.05,1196.76
2010,IV-A (CALABARZON),plyboard,4'x8',0.75,19.05,909.08
2010,IV-B (MIMAROPA),ordinary plywood,4'x8',0.125,3.175,231.29
2010,IV-B (MIMAROPA),ordinary plywood,4'x8',0.1875,4.7625,307.96
2010,IV-B (MIMAROPA),ordinary plywood,4'x8',0.25,6.35,360
2010,IV-B (MIMAROPA),ordinary plywood,4'x8',0.5,12.7,511
2010,IV-B (MIMAROPA),ordinary plywood,4'x8',0.75,19.05,797.22
2010,IV-B (MIMAROPA),marine plywood,4'x8',0.25,6.35,325.4
2010,IV-B (MIMAROPA),marine plywood,4'x8',0.5,12.7,622.08
2010,IV-B (MIMAROPA),marine plywood,4'x8',0.75,19.05,997.78
2010,IV-B (MIMAROPA),plyboard,4'x8',0.75,19.05,798.33
2010,V (Bicol Region),ordinary plywood,4'x8',0.125,3.175,250
2010,V (Bicol Region),ordinary plywood,4'x8',0.1875,4.7625,306.67
2010,V (Bicol Region),ordinary plywood,4'x8',0.25,6.35,482.23
2010,V (Bicol Region),ordinary plywood,4'x8',0.5,12.7,695
2010,V (Bicol Region),ordinary plywood,4'x8',0.75,19.05,1160
2010,V (Bicol Region),marine plywood,4'x8',0.25,6.35,390.83
2010,V (Bicol Region),marine plywood,4'x8',0.5,12.7,836.61
2010,V (Bicol Region),marine plywood,4'x8',0.75,19.05,-
2010,V (Bicol Region),plyboard,4'x8',0.75,19.05,975.34
2010,VI (Western Visayas),ordinary plywood,4'x8',0.125,3.175,216.43
2010,VI (Western Visayas),ordinary plywood,4'x8',0.1875,4.7625,302.25
2010,VI (Western Visayas),ordinary plywood,4'x8',0.25,6.35,329.11
2010,VI (Western Visayas),ordinary plywood,4'x8',0.5,12.7,557.86
2010,VI (Western Visayas),ordinary plywood,4'x8',0.75,19.05,882.13
2010,VI (Western Visayas),marine plywood,4'x8',0.25,6.35,347.46
2010,VI (Western Visayas),marine plywood,4'x8',0.5,12.7,674.31
2010,VI (Western Visayas),marine plywood,4'x8',0.75,19.05,957.48
2010,VI (Western Visayas),plyboard,4'x8',0.75,19.05,-
2010,VII (Central Visayas),ordinary plywood,4'x8',0.125,3.175,209.61
2010,VII (Central Visayas),ordinary plywood,4'x8',0.1875,4.7625,264.58
2010,VII (Central Visayas),ordinary plywood,4'x8',0.25,6.35,296
2010,VII (Central Visayas),ordinary plywood,4'x8',0.5,12.7,506.33
2010,VII (Central Visayas),ordinary plywood,4'x8',0.75,19.05,793.3
2010,VII (Central Visayas),marine plywood,4'x8',0.25,6.35,316.52
2010,VII (Central Visayas),marine plywood,4'x8',0.5,12.7,653.58
2010,VII (Central Visayas),marine plywood,4'x8',0.75,19.05,959.4
2010,VII (Central Visayas),plyboard,4'x8',0.75,19.05,686.37
2010,IX (Zamboanga Peninsula),ordinary plywood,4'x8',0.125,3.175,229.34
2010,IX (Zamboanga Peninsula),ordinary plywood,4'x8',0.1875,4.7625,321.67
2010,IX (Zamboanga Peninsula),ordinary plywood,4'x8',0.25,6.35,423.07
2010,IX (Zamboanga Peninsula),ordinary plywood,4'x8',0.5,12.7,614.33
2010,IX (Zamboanga Peninsula),ordinary plywood,4'x8',0.75,19.05,1024.47
2010,IX (Zamboanga Peninsula),marine plywood,4'x8',0.25,6.35,385
2010,IX (Zamboanga Peninsula),marine plywood,4'x8',0.5,12.7,720.74
2010,IX (Zamboanga Peninsula),marine plywood,4'x8',0.75,19.05,1188.34
2010,IX (Zamboanga Peninsula),plyboard,4'x8',0.75,19.05,946.67
2010,X (Northern Mindanao),ordinary plywood,4'x8',0.125,3.175,178
2010,X (Northern Mindanao),ordinary plywood,4'x8',0.1875,4.7625,300.3
2010,X (Northern Mindanao),ordinary plywood,4'x8',0.25,6.35,235
2010,X (Northern Mindanao),ordinary plywood,4'x8',0.5,12.7,-
2010,X (Northern Mindanao),ordinary plywood,4'x8',0.75,19.05,-
2010,X (Northern Mindanao),marine plywood,4'x8',0.25,6.35,296
2010,X (Northern Mindanao),marine plywood,4'x8',0.5,12.7,562
2010,X (Northern Mindanao),marine plywood,4'x8',0.75,19.05,-
2010,X (Northern Mindanao),plyboard,4'x8',0.75,19.05,627
2010,XI (Davao Region),ordinary plywood,4'x8',0.125,3.175,252.14
2010,XI (Davao Region),ordinary plywood,4'x8',0.1875,4.7625,268.5
2010,XI (Davao Region),ordinary plywood,4'x8',0.25,6.35,565.98
2010,XI (Davao Region),ordinary plywood,4'x8',0.5,12.7,612.78
2010,XI (Davao Region),ordinary plywood,4'x8',0.75,19.05,594.17
2010,XI (Davao Region),marine plywood,4'x8',0.25,6.35,515.82
2010,XI (Davao Region),marine plywood,4'x8',0.5,12.7,635.6
2010,XI (Davao Region),marine plywood,4'x8',0.75,19.05,1123.04
2010,XI (Davao Region),plyboard,4'x8',0.75,19.05,837.46
2010,XII (SOCCSKSARGEN),ordinary plywood,4'x8',0.125,3.175,322.57
2010,XII (SOCCSKSARGEN),ordinary plywood,4'x8',0.1875,4.7625,345.71
2010,XII (SOCCSKSARGEN),ordinary plywood,4'x8',0.25,6.35,546.67
2010,XII (SOCCSKSARGEN),ordinary plywood,4'x8',0.5,12.7,716.67
2010,XII (SOCCSKSARGEN),ordinary plywood,4'x8',0.75,19.05,-
2010,XII (SOCCSKSARGEN),marine plywood,4'x8',0.25,6.35,687.36
2010,XII (SOCCSKSARGEN),marine plywood,4'x8',0.5,12.7,1091.29
2010,XII (SOCCSKSARGEN),marine plywood,4'x8',0.75,19.05,1889.71
2010,XII (SOCCSKSARGEN),plyboard,4'x8',0.75,19.05,851.25
2010,XIII (Caraga),ordinary plywood,4'x8',0.125,3.175,237
2010,XIII (Caraga),ordinary plywood,4'x8',0.1875,4.7625,286.5
2010,XIII (Caraga),ordinary plywood,4'x8',0.25,6.35,290
2010,XIII (Caraga),ordinary plywood,4'x8',0.5,12.7,440.5
2010,XIII (Caraga),ordinary plywood,4'x8',0.75,19.05,567.5
2010,XIII (Caraga),marine plywood,4'x8',0.25,6.35,486
2010,XIII (Caraga),marine plywood,4'x8',0.5,12.7,586.25
2010,XIII (Caraga),marine plywood,4'x8',0.75,19.05,901.6
2010,XIII (Caraga),plyboard,4'x8',0.75,19.05,817.4
2009,National,ordinary plywood,4'x8',0.125,3.175,212.58
2009,National,ordinary plywood,4'x8',0.1875,4.7625,266.14
2009,National,ordinary plywood,4'x8',0.25,6.35,304
2009,National,ordinary plywood,4'x8',0.5,12.7,501.06
2009,National,ordinary plywood,4'x8',0.75,19.05,784.33
2009,National,marine plywood,4'x8',0.25,6.35,339.37
2009,National,marine plywood,4'x8',0.5,12.7,631.13
2009,National,marine plywood,4'x8',0.75,19.05,992.55
2009,National,plyboard,4'x8',0.75,19.05,740.19
2009,CAR,ordinary plywood,4'x8',0.125,3.175,220.35
2009,CAR,ordinary plywood,4'x8',0.1875,4.7625,267.88
2009,CAR,ordinary plywood,4'x8',0.25,6.35,303.25
2009,CAR,ordinary plywood,4'x8',0.5,12.7,525.03
2009,CAR,ordinary plywood,4'x8',0.75,19.05,817.77
2009,CAR,marine plywood,4'x8',0.25,6.35,337.32
2009,CAR,marine plywood,4'x8',0.5,12.7,618.74
2009,CAR,marine plywood,4'x8',0.75,19.05,964.08
2009,CAR,plyboard,4'x8',0.75,19.05,823.76
2009,I (Ilocos Region),ordinary plywood,4'x8',0.125,3.175,199.33
2009,I (Ilocos Region),ordinary plywood,4'x8',0.1875,4.7625,262.42
2009,I (Ilocos Region),ordinary plywood,4'x8',0.25,6.35,302.69
2009,I (Ilocos Region),ordinary plywood,4'x8',0.5,12.7,526.2
2009,I (Ilocos Region),ordinary plywood,4'x8',0.75,19.05,829.49
2009,I (Ilocos Region),marine plywood,4'x8',0.25,6.35,317.98
2009,I (Ilocos Region),marine plywood,4'x8',0.5,12.7,610.49
2009,I (Ilocos Region),marine plywood,4'x8',0.75,19.05,961.98
2009,I (Ilocos Region),plyboard,4'x8',0.75,19.05,865.51
2009,II (Cagayan Valley),ordinary plywood,4'x8',0.125,3.175,212.57
2009,II (Cagayan Valley),ordinary plywood,4'x8',0.1875,4.7625,269.4
2009,II (Cagayan Valley),ordinary plywood,4'x8',0.25,6.35,296.86
2009,II (Cagayan Valley),ordinary plywood,4'x8',0.5,12.7,520.28
2009,II (Cagayan Valley),ordinary plywood,4'x8',0.75,19.05,831.49
2009,II (Cagayan Valley),marine plywood,4'x8',0.25,6.35,350.78
2009,II (Cagayan Valley),marine plywood,4'x8',0.5,12.7,654.49
2009,II (Cagayan Valley),marine plywood,4'x8',0.75,19.05,977.84
2009,II (Cagayan Valley),plyboard,4'x8',0.75,19.05,747.52
2009,III (Central Luzon),ordinary plywood,4'x8',0.125,3.175,269.74
2009,III (Central Luzon),ordinary plywood,4'x8',0.1875,4.7625,339.12
2009,III (Central Luzon),ordinary plywood,4'x8',0.25,6.35,346.51
2009,III (Central Luzon),ordinary plywood,4'x8',0.5,12.7,495.96
2009,III (Central Luzon),ordinary plywood,4'x8',0.75,19.05,774.54
2009,III (Central Luzon),marine plywood,4'x8',0.25,6.35,402.42
2009,III (Central Luzon),marine plywood,4'x8',0.5,12.7,596.41
2009,III (Central Luzon),marine plywood,4'x8',0.75,19.05,1160.26
2009,III (Central Luzon),plyboard,4'x8',0.75,19.05,743.1
2009,IV-A (CALABARZON),ordinary plywood,4'x8',0.125,3.175,205.6
2009,IV-A (CALABARZON),ordinary plywood,4'x8',0.1875,4.7625,258.86
2009,IV-A (CALABARZON),ordinary plywood,4'x8',0.25,6.35,331.22
2009,IV-A (CALABARZON),ordinary plywood,4'x8',0.5,12.7,498.16
2009,IV-A (CALABARZON),ordinary plywood,4'x8',0.75,19.05,765.83
2009,IV-A (CALABARZON),marine plywood,4'x8',0.25,6.35,357.55
2009,IV-A (CALABARZON),marine plywood,4'x8',0.5,12.7,599.64
2009,IV-A (CALABARZON),marine plywood,4'x8',0.75,19.05,938.06
2009,IV-A (CALABARZON),plyboard,4'x8',0.75,19.05,743.62
2009,IV-B (MIMAROPA),ordinary plywood,4'x8',0.125,3.175,229.19
2009,IV-B (MIMAROPA),ordinary plywood,4'x8',0.1875,4.7625,282.29
2009,IV-B (MIMAROPA),ordinary plywood,4'x8',0.25,6.35,365
2009,IV-B (MIMAROPA),ordinary plywood,4'x8',0.5,12.7,508.17
2009,IV-B (MIMAROPA),ordinary plywood,4'x8',0.75,19.05,865.83
2009,IV-B (MIMAROPA),marine plywood,4'x8',0.25,6.35,362.58
2009,IV-B (MIMAROPA),marine plywood,4'x8',0.5,12.7,607.98
2009,IV-B (MIMAROPA),marine plywood,4'x8',0.75,19.05,969.79
2009,IV-B (MIMAROPA),plyboard,4'x8',0.75,19.05,774.83
2009,V (Bicol Region),ordinary plywood,4'x8',0.125,3.175,-
2009,V (Bicol Region),ordinary plywood,4'x8',0.1875,4.7625,-
2009,V (Bicol Region),ordinary plywood,4'x8',0.25,6.35,-
2009,V (Bicol Region),ordinary plywood,4'x8',0.5,12.7,-
2009,V (Bicol Region),ordinary plywood,4'x8',0.75,19.05,-
2009,V (Bicol Region),marine plywood,4'x8',0.25,6.35,345.42
2009,V (Bicol Region),marine plywood,4'x8',0.5,12.7,720.28
2009,V (Bicol Region),marine plywood,4'x8',0.75,19.05,1083.2
2009,V (Bicol Region),plyboard,4'x8',0.75,19.05,779.17
2009,VI (Western Visayas),ordinary plywood,4'x8',0.125,3.175,204.14
2009,VI (Western Visayas),ordinary plywood,4'x8',0.1875,4.7625,272.89
2009,VI (Western Visayas),ordinary plywood,4'x8',0.25,6.35,297.77
2009,VI (Western Visayas),ordinary plywood,4'x8',0.5,12.7,521.48
2009,VI (Western Visayas),ordinary plywood,4'x8',0.75,19.05,774.58
2009,VI (Western Visayas),marine plywood,4'x8',0.25,6.35,329.7
2009,VI (Western Visayas),marine plywood,4'x8',0.5,12.7,635.62
2009,VI (Western Visayas),marine plywood,4'x8',0.75,19.05,921.22
2009,VI (Western Visayas),plyboard,4'x8',0.75,19.05,703.04
2009,VII (Central Visayas),ordinary plywood,4'x8',0.125,3.175,209.61
2009,VII (Central Visayas),ordinary plywood,4'x8',0.1875,4.7625,264.58
2009,VII (Central Visayas),ordinary plywood,4'x8',0.25,6.35,296
2009,VII (Central Visayas),ordinary plywood,4'x8',0.5,12.7,506.33
2009,VII (Central Visayas),ordinary plywood,4'x8',0.75,19.05,793.3
2009,VII (Central Visayas),marine plywood,4'x8',0.25,6.35,316.52
2009,VII (Central Visayas),marine plywood,4'x8',0.5,12.7,653.58
2009,VII (Central Visayas),marine plywood,4'x8',0.75,19.05,959.4
2009,VII (Central Visayas),plyboard,4'x8',0.75,19.05,686.37
2009,VIII (Eastern Visayas),ordinary plywood,4'x8',0.125,3.175,250
2009,VIII (Eastern Visayas),ordinary plywood,4'x8',0.1875,4.7625,270
2009,VIII (Eastern Visayas),ordinary plywood,4'x8',0.25,6.35,310
2009,VIII (Eastern Visayas),ordinary plywood,4'x8',0.5,12.7,545
2009,VIII (Eastern Visayas),ordinary plywood,4'x8',0.75,19.05,887
2009,VIII (Eastern Visayas),marine plywood,4'x8',0.25,6.35,340
2009,VIII (Eastern Visayas),marine plywood,4'x8',0.5,12.7,610
2009,VIII (Eastern Visayas),marine plywood,4'x8',0.75,19.05,995
2009,VIII (Eastern Visayas),plyboard,4'x8',0.75,19.05,845
2009,IX (Zamboanga Peninsula),ordinary plywood,4'x8',0.125,3.175,208.2
2009,IX (Zamboanga Peninsula),ordinary plywood,4'x8',0.1875,4.7625,268.5
2009,IX (Zamboanga Peninsula),ordinary plywood,4'x8',0.25,6.35,296.7
2009,IX (Zamboanga Peninsula),ordinary plywood,4'x8',0.5,12.7,534.83
2009,IX (Zamboanga Peninsula),ordinary plywood,4'x8',0.75,19.05,816.25
2009,IX (Zamboanga Peninsula),marine plywood,4'x8',0.25,6.35,351.11
2009,IX (Zamboanga Peninsula),marine plywood,4'x8',0.5,12.7,640.08
2009,IX (Zamboanga Peninsula),marine plywood,4'x8',0.75,19.05,1032.5
2009,IX (Zamboanga Peninsula),plyboard,4'x8',0.75,19.05,748.08
2009,X (Northern Mindanao),ordinary plywood,4'x8',0.125,3.175,169.25
2009,X (Northern Mindanao),ordinary plywood,4'x8',0.1875,4.7625,211.79
2009,X (Northern Mindanao),ordinary plywood,4'x8',0.25,6.35,242.9
2009,X (Northern Mindanao),ordinary plywood,4'x8',0.5,12.7,470
2009,X (Northern Mindanao),ordinary plywood,4'x8',0.75,19.05,740
2009,X (Northern Mindanao),marine plywood,4'x8',0.25,6.35,295.5
2009,X (Northern Mindanao),marine plywood,4'x8',0.5,12.7,562
2009,X (Northern Mindanao),marine plywood,4'x8',0.75,19.05,-
2009,X (Northern Mindanao),plyboard,4'x8',0.75,19.05,642.83
2009,XI (Davao Region),ordinary plywood,4'x8',0.125,3.175,202.62
2009,XI (Davao Region),ordinary plywood,4'x8',0.1875,4.7625,255.57
2009,XI (Davao Region),ordinary plywood,4'x8',0.25,6.35,259.1
2009,XI (Davao Region),ordinary plywood,4'x8',0.5,12.7,445.83
2009,XI (Davao Region),ordinary plywood,4'x8',0.75,19.05,625
2009,XI (Davao Region),marine plywood,4'x8',0.25,6.35,278.2
2009,XI (Davao Region),marine plywood,4'x8',0.5,12.7,611.71
2009,XI (Davao Region),marine plywood,4'x8',0.75,19.05,955.33
2009,XI (Davao Region),plyboard,4'x8',0.75,19.05,632.99
2009,XII (SOCCSKSARGEN),ordinary plywood,4'x8',0.125,3.175,183
2009,XII (SOCCSKSARGEN),ordinary plywood,4'x8',0.1875,4.7625,236.46
2009,XII (SOCCSKSARGEN),ordinary plywood,4'x8',0.25,6.35,-
2009,XII (SOCCSKSARGEN),ordinary plywood,4'x8',0.5,12.7,442.5
2009,XII (SOCCSKSARGEN),ordinary plywood,4'x8',0.75,19.05,745
2009,XII (SOCCSKSARGEN),marine plywood,4'x8',0.25,6.35,282.5
2009,XII (SOCCSKSARGEN),marine plywood,4'x8',0.5,12.7,635
2009,XII (SOCCSKSARGEN),marine plywood,4'x8',0.75,19.05,1200
2009,XII (SOCCSKSARGEN),plyboard,4'x8',0.75,19.05,629.58
2009,XIII (Caraga),ordinary plywood,4'x8',0.125,3.175,-
2009,XIII (Caraga),ordinary plywood,4'x8',0.1875,4.7625,-
2009,XIII (Caraga),ordinary plywood,4'x8',0.25,6.35,-
2009,XIII (Caraga),ordinary plywood,4'x8',0.5,12.7,475
2009,XIII (Caraga),ordinary plywood,4'x8',0.75,19.05,714.5
2009,XIII (Caraga),marine plywood,4'x8',0.25,6.35,423
2009,XIII (Caraga),marine plywood,4'x8',0.5,12.7,711
2009,XIII (Caraga),marine plywood,4'x8',0.75,19.05,777
2009,XIII (Caraga),plyboard,4'x8',0.75,19.05,737.5
2008,National,ordinary plywood,4'x8',0.125,3.175,203.32
2008,National,ordinary plywood,4'x8',0.1875,4.7625,263.85
2008,National,ordinary plywood,4'x8',0.25,6.35,282.95
2008,National,ordinary plywood,4'x8',0.5,12.7,495.46
2008,National,ordinary plywood,4'x8',0.75,19.05,760.79
2008,National,marine plywood,4'x8',0.125,3.175,223.93
2008,National,marine plywood,4'x8',0.1875,4.7625,300.27
2008,National,marine plywood,4'x8',0.25,6.35,323.21
2008,National,marine plywood,4'x8',0.5,12.7,617.93
2008,National,marine plywood,4'x8',0.75,19.05,967.04
2008,National,plyboard,4'x8',0.75,19.05,735.2
2008,NCR,ordinary plywood,4'x8',0.125,3.175,-
2008,NCR,ordinary plywood,4'x8',0.1875,4.7625,-
2008,NCR,ordinary plywood,4'x8',0.25,6.35,-
2008,NCR,ordinary plywood,4'x8',0.5,12.7,-
2008,NCR,ordinary plywood,4'x8',0.75,19.05,-
2008,NCR,marine plywood,4'x8',0.125,3.175,-
2008,NCR,marine plywood,4'x8',0.1875,4.7625,343.7
2008,NCR,marine plywood,4'x8',0.25,6.35,-
2008,NCR,marine plywood,4'x8',0.5,12.7,-
2008,NCR,marine plywood,4'x8',0.75,19.05,968.28
2008,NCR,plyboard,4'x8',0.75,19.05,-
2008,CAR,ordinary plywood,4'x8',0.125,3.175,211.41
2008,CAR,ordinary plywood,4'x8',0.1875,4.7625,270.67
2008,CAR,ordinary plywood,4'x8',0.25,6.35,298.93
2008,CAR,ordinary plywood,4'x8',0.5,12.7,522.09
2008,CAR,ordinary plywood,4'x8',0.75,19.05,807.73
2008,CAR,marine plywood,4'x8',0.125,3.175,-
2008,CAR,marine plywood,4'x8',0.1875,4.7625,-
2008,CAR,marine plywood,4'x8',0.25,6.35,-
2008,CAR,marine plywood,4'x8',0.5,12.7,623.13
2008,CAR,marine plywood,4'x8',0.75,19.05,936.6
2008,CAR,plyboard,4'x8',0.75,19.05,778.43
2008,I (Ilocos Region),ordinary plywood,4'x8',0.125,3.175,206.33
2008,I (Ilocos Region),ordinary plywood,4'x8',0.1875,4.7625,260.75
2008,I (Ilocos Region),ordinary plywood,4'x8',0.25,6.35,299.78
2008,I (Ilocos Region),ordinary plywood,4'x8',0.5,12.7,527.59
2008,I (Ilocos Region),ordinary plywood,4'x8',0.75,19.05,815.97
2008,I (Ilocos Region),marine plywood,4'x8',0.125,3.175,-
2008,I (Ilocos Region),marine plywood,4'x8',0.1875,4.7625,-
2008,I (Ilocos Region),marine plywood,4'x8',0.25,6.35,334.89
2008,I (Ilocos Region),marine plywood,4'x8',0.5,12.7,614.56
2008,I (Ilocos Region),marine plywood,4'x8',0.75,19.05,972.65
2008,I (Ilocos Region),plyboard,4'x8',0.75,19.05,830.78
2008,II (Cagayan Valley),ordinary plywood,4'x8',0.125,3.175,207.65
2008,II (Cagayan Valley),ordinary plywood,4'x8',0.1875,4.7625,263.66
2008,II (Cagayan Valley),ordinary plywood,4'x8',0.25,6.35,304.24
2008,II (Cagayan Valley),ordinary plywood,4'x8',0.5,12.7,515.27
2008,II (Cagayan Valley),ordinary plywood,4'x8',0.75,19.05,796.17
2008,II (Cagayan Valley),marine plywood,4'x8',0.125,3.175,-
2008,II (Cagayan Valley),marine plywood,4'x8',0.1875,4.7625,284.58
2008,II (Cagayan Valley),marine plywood,4'x8',0.25,6.35,343.63
2008,II (Cagayan Valley),marine plywood,4'x8',0.5,12.7,649.95
2008,II (Cagayan Valley),marine plywood,4'x8',0.75,19.05,970.13
2008,II (Cagayan Valley),plyboard,4'x8',0.75,19.05,-
2008,III (Central Luzon),ordinary plywood,4'x8',0.125,3.175,205.87
2008,III (Central Luzon),ordinary plywood,4'x8',0.1875,4.7625,273.45
2008,III (Central Luzon),ordinary plywood,4'x8',0.25,6.35,295.12
2008,III (Central Luzon),ordinary plywood,4'x8',0.5,12.7,490.15
2008,III (Central Luzon),ordinary plywood,4'x8',0.75,19.05,788.49
2008,III (Central Luzon),marine plywood,4'x8',0.125,3.175,-
2008,III (Central Luzon),marine plywood,4'x8',0.1875,4.7625,303.33
2008,III (Central Luzon),marine plywood,4'x8',0.25,6.35,329.65
2008,III (Central Luzon),marine plywood,4'x8',0.5,12.7,602.36
2008,III (Central Luzon),marine plywood,4'x8',0.75,19.05,914.82
2008,III (Central Luzon),plyboard,4'x8',0.75,19.05,721.8
2008,IV-A (CALABARZON),ordinary plywood,4'x8',0.125,3.175,204.34
2008,IV-A (CALABARZON),ordinary plywood,4'x8',0.1875,4.7625,261.05
2008,IV-A (CALABARZON),ordinary plywood,4'x8',0.25,6.35,280.75
2008,IV-A (CALABARZON),ordinary plywood,4'x8',0.5,12.7,500.88
2008,IV-A (CALABARZON),ordinary plywood,4'x8',0.75,19.05,815.38
2008,IV-A (CALABARZON),marine plywood,4'x8',0.125,3.175,223.93
2008,IV-A (CALABARZON),marine plywood,4'x8',0.1875,4.7625,299.75
2008,IV-A (CALABARZON),marine plywood,4'x8',0.25,6.35,341.89
2008,IV-A (CALABARZON),marine plywood,4'x8',0.5,12.7,609.89
2008,IV-A (CALABARZON),marine plywood,4'x8',0.75,19.05,934.24
2008,IV-A (CALABARZON),plyboard,4'x8',0.75,19.05,745.49
2008,IV-B (MIMAROPA),ordinary plywood,4'x8',0.125,3.175,225.54
2008,IV-B (MIMAROPA),ordinary plywood,4'x8',0.1875,4.7625,280.17
2008,IV-B (MIMAROPA),ordinary plywood,4'x8',0.25,6.35,302.36
2008,IV-B (MIMAROPA),ordinary plywood,4'x8',0.5,12.7,511.08
2008,IV-B (MIMAROPA),ordinary plywood,4'x8',0.75,19.05,878.3
2008,IV-B (MIMAROPA),marine plywood,4'x8',0.125,3.175,-
2008,IV-B (MIMAROPA),marine plywood,4'x8',0.1875,4.7625,-
2008,IV-B (MIMAROPA),marine plywood,4'x8',0.25,6.35,320.5
2008,IV-B (MIMAROPA),marine plywood,4'x8',0.5,12.7,626.19
2008,IV-B (MIMAROPA),marine plywood,4'x8',0.75,19.05,974.45
2008,IV-B (MIMAROPA),plyboard,4'x8',0.75,19.05,800.61
2008,V (Bicol Region),ordinary plywood,4'x8',0.125,3.175,-
2008,V (Bicol Region),ordinary plywood,4'x8',0.1875,4.7625,-
2008,V (Bicol Region),ordinary plywood,4'x8',0.25,6.35,-
2008,V (Bicol Region),ordinary plywood,4'x8',0.5,12.7,-
2008,V (Bicol Region),ordinary plywood,4'x8',0.75,19.05,-
2008,V (Bicol Region),marine plywood,4'x8',0.125,3.175,-
2008,V (Bicol Region),marine plywood,4'x8',0.1875,4.7625,-
2008,V (Bicol Region),marine plywood,4'x8',0.25,6.35,348.33
2008,V (Bicol Region),marine plywood,4'x8',0.5,12.7,716.06
2008,V (Bicol Region),marine plywood,4'x8',0.75,19.05,1079.01
2008,V (Bicol Region),plyboard,4'x8',0.75,19.05,802.92
2008,VI (Western Visayas),ordinary plywood,4'x8',0.125,3.175,199.56
2008,VI (Western Visayas),ordinary plywood,4'x8',0.1875,4.7625,271.49
2008,VI (Western Visayas),ordinary plywood,4'x8',0.25,6.35,276.05
2008,VI (Western Visayas),ordinary plywood,4'x8',0.5,12.7,522.22
2008,VI (Western Visayas),ordinary plywood,4'x8',0.75,19.05,707.98
2008,VI (Western Visayas),marine plywood,4'x8',0.125,3.175,-
2008,VI (Western Visayas),marine plywood,4'x8',0.1875,4.7625,299.6
2008,VI (Western Visayas),marine plywood,4'x8',0.25,6.35,335.88
2008,VI (Western Visayas),marine plywood,4'x8',0.5,12.7,637.96
2008,VI (Western Visayas),marine plywood,4'x8',0.75,19.05,914.85
2008,VI (Western Visayas),plyboard,4'x8',0.75,19.05,701.87
2008,VII (Central Visayas),ordinary plywood,4'x8',0.125,3.175,207.22
2008,VII (Central Visayas),ordinary plywood,4'x8',0.1875,4.7625,261.9
2008,VII (Central Visayas),ordinary plywood,4'x8',0.25,6.35,291.11
2008,VII (Central Visayas),ordinary plywood,4'x8',0.5,12.7,508.78
2008,VII (Central Visayas),ordinary plywood,4'x8',0.75,19.05,794.47
2008,VII (Central Visayas),marine plywood,4'x8',0.125,3.175,-
2008,VII (Central Visayas),marine plywood,4'x8',0.1875,4.7625,298.06
2008,VII (Central Visayas),marine plywood,4'x8',0.25,6.35,317.07
2008,VII (Central Visayas),marine plywood,4'x8',0.5,12.7,638.42
2008,VII (Central Visayas),marine plywood,4'x8',0.75,19.05,942.52
2008,VII (Central Visayas),plyboard,4'x8',0.75,19.05,695.41
2008,VIII (Eastern Visayas),ordinary plywood,4'x8',0.125,3.175,232.5
2008,VIII (Eastern Visayas),ordinary plywood,4'x8',0.1875,4.7625,272
2008,VIII (Eastern Visayas),ordinary plywood,4'x8',0.25,6.35,301.5
2008,VIII (Eastern Visayas),ordinary plywood,4'x8',0.5,12.7,532
2008,VIII (Eastern Visayas),ordinary plywood,4'x8',0.75,19.05,891.75
2008,VIII (Eastern Visayas),marine plywood,4'x8',0.125,3.175,-
2008,VIII (Eastern Visayas),marine plywood,4'x8',0.1875,4.7625,318.55
2008,VIII (Eastern Visayas),marine plywood,4'x8',0.25,6.35,340.83
2008,VIII (Eastern Visayas),marine plywood,4'x8',0.5,12.7,610.25
2008,VIII (Eastern Visayas),marine plywood,4'x8',0.75,19.05,979.25
2008,VIII (Eastern Visayas),plyboard,4'x8',0.75,19.05,748.5
2008,IX (Zamboanga Peninsula),ordinary plywood,4'x8',0.125,3.175,185.42
2008,IX (Zamboanga Peninsula),ordinary plywood,4'x8',0.1875,4.7625,269.48
2008,IX (Zamboanga Peninsula),ordinary plywood,4'x8',0.25,6.35,280.41
2008,IX (Zamboanga Peninsula),ordinary plywood,4'x8',0.5,12.7,514.73
2008,IX (Zamboanga Peninsula),ordinary plywood,4'x8',0.75,19.05,774.18
2008,IX (Zamboanga Peninsula),marine plywood,4'x8',0.125,3.175,-
2008,IX (Zamboanga Peninsula),marine plywood,4'x8',0.1875,4.7625,288.4
2008,IX (Zamboanga Peninsula),marine plywood,4'x8',0.25,6.35,357.47
2008,IX (Zamboanga Peninsula),marine plywood,4'x8',0.5,12.7,629.21
2008,IX (Zamboanga Peninsula),marine plywood,4'x8',0.75,19.05,999.2
2008,IX (Zamboanga Peninsula),plyboard,4'x8',0.75,19.05,-
2008,X (Northern Mindanao),ordinary plywood,4'x8',0.125,3.175,191.4
2008,X (Northern Mindanao),ordinary plywood,4'x8',0.1875,4.7625,240.88
2008,X (Northern Mindanao),ordinary plywood,4'x8',0.25,6.35,261.16
2008,X (Northern Mindanao),ordinary plywood,4'x8',0.5,12.7,496.43
2008,X (Northern Mindanao),ordinary plywood,4'x8',0.75,19.05,774.29
2008,X (Northern Mindanao),marine plywood,4'x8',0.125,3.175,-
2008,X (Northern Mindanao),marine plywood,4'x8',0.1875,4.7625,290.85
2008,X (Northern Mindanao),marine plywood,4'x8',0.25,6.35,297.2
2008,X (Northern Mindanao),marine plywood,4'x8',0.5,12.7,574.76
2008,X (Northern Mindanao),marine plywood,4'x8',0.75,19.05,951.9
2008,X (Northern Mindanao),plyboard,4'x8',0.75,19.05,-
2008,XI (Davao Region),ordinary plywood,4'x8',0.125,3.175,191.31
2008,XI (Davao Region),ordinary plywood,4'x8',0.1875,4.7625,249.53
2008,XI (Davao Region),ordinary plywood,4'x8',0.25,6.35,242.79
2008,XI (Davao Region),ordinary plywood,4'x8',0.5,12.7,401.59
2008,XI (Davao Region),ordinary plywood,4'x8',0.75,19.05,630.25
2008,XI (Davao Region),marine plywood,4'x8',0.125,3.175,-
2008,XI (Davao Region),marine plywood,4'x8',0.1875,4.7625,-
2008,XI (Davao Region),marine plywood,4'x8',0.25,6.35,282.36
2008,XI (Davao Region),marine plywood,4'x8',0.5,12.7,506.32
2008,XI (Davao Region),marine plywood,4'x8',0.75,19.05,802.99
2008,XI (Davao Region),plyboard,4'x8',0.75,19.05,630.7
2008,XII (SOCCSKSARGEN),ordinary plywood,4'x8',0.125,3.175,196.82
2008,XII (SOCCSKSARGEN),ordinary plywood,4'x8',0.1875,4.7625,255
2008,XII (SOCCSKSARGEN),ordinary plywood,4'x8',0.25,6.35,-
2008,XII (SOCCSKSARGEN),ordinary plywood,4'x8',0.5,12.7,433.55
2008,XII (SOCCSKSARGEN),ordinary plywood,4'x8',0.75,19.05,505
2008,XII (SOCCSKSARGEN),marine plywood,4'x8',0.125,3.175,-
2008,XII (SOCCSKSARGEN),marine plywood,4'x8',0.1875,4.7625,-
2008,XII (SOCCSKSARGEN),marine plywood,4'x8',0.25,6.35,282.5
2008,XII (SOCCSKSARGEN),marine plywood,4'x8',0.5,12.7,635
2008,XII (SOCCSKSARGEN),marine plywood,4'x8',0.75,19.05,1200
2008,XII (SOCCSKSARGEN),plyboard,4'x8',0.75,19.05,-
2008,XIII (Caraga),ordinary plywood,4'x8',0.125,3.175,181.07
2008,XIII (Caraga),ordinary plywood,4'x8',0.1875,4.7625,-
2008,XIII (Caraga),ordinary plywood,4'x8',0.25,6.35,244.21
2008,XIII (Caraga),ordinary plywood,4'x8',0.5,12.7,460.14
2008,XIII (Caraga),ordinary plywood,4'x8',0.75,19.05,671.14
2008,XIII (Caraga),marine plywood,4'x8',0.125,3.175,-
2008,XIII (Caraga),marine plywood,4'x8',0.1875,4.7625,275.83
2008,XIII (Caraga),marine plywood,4'x8',0.25,6.35,292.71
2008,XIII (Caraga),marine plywood,4'x8',0.5,12.7,594.86
2008,XIII (Caraga),marine plywood,4'x8',0.75,19.05,931.79
2008,XIII (Caraga),plyboard,4'x8',0.75,19.05,630.71
2007,National,ordinary plywood,4'x8',0.125,3.175,204.43
2007,National,ordinary plywood,4'x8',0.1875,4.7625,256.46
2007,National,ordinary plywood,4'x8',0.25,6.35,279.79
2007,National,ordinary plywood,4'x8',0.5,12.7,499.93
2007,National,ordinary plywood,4'x8',0.75,19.05,777.64
2007,National,marine plywood,4'x8',0.125,3.175,265
2007,National,marine plywood,4'x8',0.1875,4.7625,295.34
2007,National,marine plywood,4'x8',0.25,6.35,321.02
2007,National,marine plywood,4'x8',0.5,12.7,616.91
2007,National,marine plywood,4'x8',0.75,19.05,944.52
2007,National,plyboard,4'x8',0.75,19.05,711.28
2007,NCR,ordinary plywood,4'x8',0.125,3.175,192.5
2007,NCR,ordinary plywood,4'x8',0.1875,4.7625,260
2007,NCR,ordinary plywood,4'x8',0.25,6.35,-
2007,NCR,ordinary plywood,4'x8',0.5,12.7,-
2007,NCR,ordinary plywood,4'x8',0.75,19.05,-
2007,NCR,marine plywood,4'x8',0.125,3.175,-
2007,NCR,marine plywood,4'x8',0.1875,4.7625,345
2007,NCR,marine plywood,4'x8',0.25,6.35,-
2007,NCR,marine plywood,4'x8',0.5,12.7,-
2007,NCR,marine plywood,4'x8',0.75,19.05,-
2007,NCR,plyboard,4'x8',0.75,19.05,-
2007,CAR,ordinary plywood,4'x8',0.125,3.175,231.13
2007,CAR,ordinary plywood,4'x8',0.1875,4.7625,255.91
2007,CAR,ordinary plywood,4'x8',0.25,6.35,350
2007,CAR,ordinary plywood,4'x8',0.5,12.7,518.13
2007,CAR,ordinary plywood,4'x8',0.75,19.05,785.22
2007,CAR,marine plywood,4'x8',0.125,3.175,-
2007,CAR,marine plywood,4'x8',0.1875,4.7625,-
2007,CAR,marine plywood,4'x8',0.25,6.35,340.59
2007,CAR,marine plywood,4'x8',0.5,12.7,666.25
2007,CAR,marine plywood,4'x8',0.75,19.05,922.14
2007,CAR,plyboard,4'x8',0.75,19.05,768.72
2007,I (Ilocos Region),ordinary plywood,4'x8',0.125,3.175,202.75
2007,I (Ilocos Region),ordinary plywood,4'x8',0.1875,4.7625,245.94
2007,I (Ilocos Region),ordinary plywood,4'x8',0.25,6.35,285.14
2007,I (Ilocos Region),ordinary plywood,4'x8',0.5,12.7,501.13
2007,I (Ilocos Region),ordinary plywood,4'x8',0.75,19.05,782.04
2007,I (Ilocos Region),marine plywood,4'x8',0.125,3.175,-
2007,I (Ilocos Region),marine plywood,4'x8',0.1875,4.7625,-
2007,I (Ilocos Region),marine plywood,4'x8',0.25,6.35,319.51
2007,I (Ilocos Region),marine plywood,4'x8',0.5,12.7,589.02
2007,I (Ilocos Region),marine plywood,4'x8',0.75,19.05,934.81
2007,I (Ilocos Region),plyboard,4'x8',0.75,19.05,719.1
2007,II (Cagayan Valley),ordinary plywood,4'x8',0.125,3.175,197.25
2007,II (Cagayan Valley),ordinary plywood,4'x8',0.1875,4.7625,254.82
2007,II (Cagayan Valley),ordinary plywood,4'x8',0.25,6.35,283.05
2007,II (Cagayan Valley),ordinary plywood,4'x8',0.5,12.7,490.77
2007,II (Cagayan Valley),ordinary plywood,4'x8',0.75,19.05,772.63
2007,II (Cagayan Valley),marine plywood,4'x8',0.125,3.175,-
2007,II (Cagayan Valley),marine plywood,4'x8',0.1875,4.7625,165
2007,II (Cagayan Valley),marine plywood,4'x8',0.25,6.35,333.47
2007,II (Cagayan Valley),marine plywood,4'x8',0.5,12.7,618.6
2007,II (Cagayan Valley),marine plywood,4'x8',0.75,19.05,918.15
2007,II (Cagayan Valley),plyboard,4'x8',0.75,19.05,746.72
2007,III (Central Luzon),ordinary plywood,4'x8',0.125,3.175,205.59
2007,III (Central Luzon),ordinary plywood,4'x8',0.1875,4.7625,269.01
2007,III (Central Luzon),ordinary plywood,4'x8',0.25,6.35,291.99
2007,III (Central Luzon),ordinary plywood,4'x8',0.5,12.7,481.1
2007,III (Central Luzon),ordinary plywood,4'x8',0.75,19.05,783.82
2007,III (Central Luzon),marine plywood,4'x8',0.125,3.175,330
2007,III (Central Luzon),marine plywood,4'x8',0.1875,4.7625,310
2007,III (Central Luzon),marine plywood,4'x8',0.25,6.35,334.2
2007,III (Central Luzon),marine plywood,4'x8',0.5,12.7,584.09
2007,III (Central Luzon),marine plywood,4'x8',0.75,19.05,922.17
2007,III (Central Luzon),plyboard,4'x8',0.75,19.05,707.13
2007,IV-A (CALABARZON),ordinary plywood,4'x8',0.125,3.175,202.28
2007,IV-A (CALABARZON),ordinary plywood,4'x8',0.1875,4.7625,251.24
2007,IV-A (CALABARZON),ordinary plywood,4'x8',0.25,6.35,274.86
2007,IV-A (CALABARZON),ordinary plywood,4'x8',0.5,12.7,528.34
2007,IV-A (CALABARZON),ordinary plywood,4'x8',0.75,19.05,807.46
2007,IV-A (CALABARZON),marine plywood,4'x8',0.125,3.175,185
2007,IV-A (CALABARZON),marine plywood,4'x8',0.1875,4.7625,294.79
2007,IV-A (CALABARZON),marine plywood,4'x8',0.25,6.35,325.71
2007,IV-A (CALABARZON),marine plywood,4'x8',0.5,12.7,604.97
2007,IV-A (CALABARZON),marine plywood,4'x8',0.75,19.05,915.21
2007,IV-A (CALABARZON),plyboard,4'x8',0.75,19.05,735.07
2007,IV-B (MIMAROPA),ordinary plywood,4'x8',0.125,3.175,266.69
2007,IV-B (MIMAROPA),ordinary plywood,4'x8',0.1875,4.7625,316
2007,IV-B (MIMAROPA),ordinary plywood,4'x8',0.25,6.35,293.21
2007,IV-B (MIMAROPA),ordinary plywood,4'x8',0.5,12.7,486.38
2007,IV-B (MIMAROPA),ordinary plywood,4'x8',0.75,19.05,807.5
2007,IV-B (MIMAROPA),marine plywood,4'x8',0.125,3.175,-
2007,IV-B (MIMAROPA),marine plywood,4'x8',0.1875,4.7625,-
2007,IV-B (MIMAROPA),marine plywood,4'x8',0.25,6.35,336.96
2007,IV-B (MIMAROPA),marine plywood,4'x8',0.5,12.7,718.67
2007,IV-B (MIMAROPA),marine plywood,4'x8',0.75,19.05,899
2007,IV-B (MIMAROPA),plyboard,4'x8',0.75,19.05,764.93
2007,V (Bicol Region),ordinary plywood,4'x8',0.125,3.175,240
2007,V (Bicol Region),ordinary plywood,4'x8',0.1875,4.7625,272
2007,V (Bicol Region),ordinary plywood,4'x8',0.25,6.35,288
2007,V (Bicol Region),ordinary plywood,4'x8',0.5,12.7,598
2007,V (Bicol Region),ordinary plywood,4'x8',0.75,19.05,875
2007,V (Bicol Region),marine plywood,4'x8',0.125,3.175,-
2007,V (Bicol Region),marine plywood,4'x8',0.1875,4.7625,-
2007,V (Bicol Region),marine plywood,4'x8',0.25,6.35,331
2007,V (Bicol Region),marine plywood,4'x8',0.5,12.7,675
2007,V (Bicol Region),marine plywood,4'x8',0.75,19.05,975
2007,V (Bicol Region),plyboard,4'x8',0.75,19.05,811
2007,VI (Western Visayas),ordinary plywood,4'x8',0.125,3.175,200.62
2007,VI (Western Visayas),ordinary plywood,4'x8',0.1875,4.7625,247.92
2007,VI (Western Visayas),ordinary plywood,4'x8',0.25,6.35,273.55
2007,VI (Western Visayas),ordinary plywood,4'x8',0.5,12.7,500.82
2007,VI (Western Visayas),ordinary plywood,4'x8',0.75,19.05,761.66
2007,VI (Western Visayas),marine plywood,4'x8',0.125,3.175,-
2007,VI (Western Visayas),marine plywood,4'x8',0.1875,4.7625,300.49
2007,VI (Western Visayas),marine plywood,4'x8',0.25,6.35,312.93
2007,VI (Western Visayas),marine plywood,4'x8',0.5,12.7,597.19
2007,VI (Western Visayas),marine plywood,4'x8',0.75,19.05,932.83
2007,VI (Western Visayas),plyboard,4'x8',0.75,19.05,658.23
2007,VII (Central Visayas),ordinary plywood,4'x8',0.125,3.175,198.57
2007,VII (Central Visayas),ordinary plywood,4'x8',0.1875,4.7625,261.43
2007,VII (Central Visayas),ordinary plywood,4'x8',0.25,6.35,285.36
2007,VII (Central Visayas),ordinary plywood,4'x8',0.5,12.7,498.9
2007,VII (Central Visayas),ordinary plywood,4'x8',0.75,19.05,790
2007,VII (Central Visayas),marine plywood,4'x8',0.125,3.175,-
2007,VII (Central Visayas),marine plywood,4'x8',0.1875,4.7625,302.47
2007,VII (Central Visayas),marine plywood,4'x8',0.25,6.35,328.57
2007,VII (Central Visayas),marine plywood,4'x8',0.5,12.7,579.11
2007,VII (Central Visayas),marine plywood,4'x8',0.75,19.05,950
2007,VII (Central Visayas),plyboard,4'x8',0.75,19.05,662.49
2007,VIII (Eastern Visayas),ordinary plywood,4'x8',0.125,3.175,200
2007,VIII (Eastern Visayas),ordinary plywood,4'x8',0.1875,4.7625,260
2007,VIII (Eastern Visayas),ordinary plywood,4'x8',0.25,6.35,290
2007,VIII (Eastern Visayas),ordinary plywood,4'x8',0.5,12.7,490
2007,VIII (Eastern Visayas),ordinary plywood,4'x8',0.75,19.05,900
2007,VIII (Eastern Visayas),marine plywood,4'x8',0.125,3.175,-
2007,VIII (Eastern Visayas),marine plywood,4'x8',0.1875,4.7625,300
2007,VIII (Eastern Visayas),marine plywood,4'x8',0.25,6.35,320
2007,VIII (Eastern Visayas),marine plywood,4'x8',0.5,12.7,600
2007,VIII (Eastern Visayas),marine plywood,4'x8',0.75,19.05,980
2007,VIII (Eastern Visayas),plyboard,4'x8',0.75,19.05,690
2007,IX (Zamboanga Peninsula),ordinary plywood,4'x8',0.125,3.175,193.75
2007,IX (Zamboanga Peninsula),ordinary plywood,4'x8',0.1875,4.7625,270
2007,IX (Zamboanga Peninsula),ordinary plywood,4'x8',0.25,6.35,285.63
2007,IX (Zamboanga Peninsula),ordinary plywood,4'x8',0.5,12.7,540
2007,IX (Zamboanga Peninsula),ordinary plywood,4'x8',0.75,19.05,700.63
2007,IX (Zamboanga Peninsula),marine plywood,4'x8',0.125,3.175,-
2007,IX (Zamboanga Peninsula),marine plywood,4'x8',0.1875,4.7625,301.71
2007,IX (Zamboanga Peninsula),marine plywood,4'x8',0.25,6.35,330
2007,IX (Zamboanga Peninsula),marine plywood,4'x8',0.5,12.7,632.5
2007,IX (Zamboanga Peninsula),marine plywood,4'x8',0.75,19.05,937.5
2007,IX (Zamboanga Peninsula),plyboard,4'x8',0.75,19.05,709.2
2007,X (Northern Mindanao),ordinary plywood,4'x8',0.125,3.175,178.08
2007,X (Northern Mindanao),ordinary plywood,4'x8',0.1875,4.7625,226.44
2007,X (Northern Mindanao),ordinary plywood,4'x8',0.25,6.35,256.25
2007,X (Northern Mindanao),ordinary plywood,4'x8',0.5,12.7,485.58
2007,X (Northern Mindanao),ordinary plywood,4'x8',0.75,19.05,723.33
2007,X (Northern Mindanao),marine plywood,4'x8',0.125,3.175,280
2007,X (Northern Mindanao),marine plywood,4'x8',0.1875,4.7625,271.25
2007,X (Northern Mindanao),marine plywood,4'x8',0.25,6.35,295.28
2007,X (Northern Mindanao),marine plywood,4'x8',0.5,12.7,594.81
2007,X (Northern Mindanao),marine plywood,4'x8',0.75,19.05,918.69
2007,X (Northern Mindanao),plyboard,4'x8',0.75,19.05,611.71
2007,XI (Davao Region),ordinary plywood,4'x8',0.125,3.175,196.78
2007,XI (Davao Region),ordinary plywood,4'x8',0.1875,4.7625,258.67
2007,XI (Davao Region),ordinary plywood,4'x8',0.25,6.35,225
2007,XI (Davao Region),ordinary plywood,4'x8',0.5,12.7,380
2007,XI (Davao Region),ordinary plywood,4'x8',0.75,19.05,620
2007,XI (Davao Region),marine plywood,4'x8',0.125,3.175,-
2007,XI (Davao Region),marine plywood,4'x8',0.1875,4.7625,362.67
2007,XI (Davao Region),marine plywood,4'x8',0.25,6.35,265
2007,XI (Davao Region),marine plywood,4'x8',0.5,12.7,541.58
2007,XI (Davao Region),marine plywood,4'x8',0.75,19.05,817.74
2007,XI (Davao Region),plyboard,4'x8',0.75,19.05,753.6
2007,XII (SOCCSKSARGEN),ordinary plywood,4'x8',0.125,3.175,160.42
2007,XII (SOCCSKSARGEN),ordinary plywood,4'x8',0.1875,4.7625,197.5
2007,XII (SOCCSKSARGEN),ordinary plywood,4'x8',0.25,6.35,235
2007,XII (SOCCSKSARGEN),ordinary plywood,4'x8',0.5,12.7,-
2007,XII (SOCCSKSARGEN),ordinary plywood,4'x8',0.75,19.05,-
2007,XII (SOCCSKSARGEN),marine plywood,4'x8',0.125,3.175,-
2007,XII (SOCCSKSARGEN),marine plywood,4'x8',0.1875,4.7625,-
2007,XII (SOCCSKSARGEN),marine plywood,4'x8',0.25,6.35,-
2007,XII (SOCCSKSARGEN),marine plywood,4'x8',0.5,12.7,635
2007,XII (SOCCSKSARGEN),marine plywood,4'x8',0.75,19.05,1200
2007,XII (SOCCSKSARGEN),plyboard,4'x8',0.75,19.05,620
2006,National,ordinary plywood,4'x8',0.125,3.175,204.97
2006,National,ordinary plywood,4'x8',0.1875,4.7625,260.5
2006,National,ordinary plywood,4'x8',0.25,6.35,309.76
2006,National,ordinary plywood,4'x8',0.5,12.7,519.18
2006,National,ordinary plywood,4'x8',0.75,19.05,788.23
2006,National,plyboard,4'x8',0.75,19.05,684.21
2006,NCR,ordinary plywood,4'x8',0.125,3.175,225.38
2006,NCR,ordinary plywood,4'x8',0.1875,4.7625,297.23
2006,NCR,ordinary plywood,4'x8',0.25,6.35,561.8
2006,NCR,ordinary plywood,4'x8',0.5,12.7,-
2006,NCR,ordinary plywood,4'x8',0.75,19.05,-
2006,NCR,plyboard,4'x8',0.75,19.05,750
2006,CAR,ordinary plywood,4'x8',0.125,3.175,210.07
2006,CAR,ordinary plywood,4'x8',0.1875,4.7625,262.52
2006,CAR,ordinary plywood,4'x8',0.25,6.35,297.58
2006,CAR,ordinary plywood,4'x8',0.5,12.7,502.54
2006,CAR,ordinary plywood,4'x8',0.75,19.05,810.89
2006,CAR,plyboard,4'x8',0.75,19.05,742.01
2006,I (Ilocos Region),ordinary plywood,4'x8',0.125,3.175,202.3
2006,I (Ilocos Region),ordinary plywood,4'x8',0.1875,4.7625,255.98
2006,I (Ilocos Region),ordinary plywood,4'x8',0.25,6.35,284.56
2006,I (Ilocos Region),ordinary plywood,4'x8',0.5,12.7,488.28
2006,I (Ilocos Region),ordinary plywood,4'x8',0.75,19.05,764.25
2006,I (Ilocos Region),plyboard,4'x8',0.75,19.05,700.88
2006,II (Cagayan Valley),ordinary plywood,4'x8',0.125,3.175,207.31
2006,II (Cagayan Valley),ordinary plywood,4'x8',0.1875,4.7625,280.4
2006,II (Cagayan Valley),ordinary plywood,4'x8',0.25,6.35,295.85
2006,II (Cagayan Valley),ordinary plywood,4'x8',0.5,12.7,475.77
2006,II (Cagayan Valley),ordinary plywood,4'x8',0.75,19.05,756.45
2006,II (Cagayan Valley),plyboard,4'x8',0.75,19.05,781.95
2006,III (Central Luzon),ordinary plywood,4'x8',0.125,3.175,213.63
2006,III (Central Luzon),ordinary plywood,4'x8',0.1875,4.7625,266.53
2006,III (Central Luzon),ordinary plywood,4'x8',0.25,6.35,297.58
2006,III (Central Luzon),ordinary plywood,4'x8',0.5,12.7,462.23
2006,III (Central Luzon),ordinary plywood,4'x8',0.75,19.05,793.12
2006,III (Central Luzon),plyboard,4'x8',0.75,19.05,686.15
2006,IV-A (CALABARZON),ordinary plywood,4'x8',0.125,3.175,213.94
2006,IV-A (CALABARZON),ordinary plywood,4'x8',0.1875,4.7625,249.01
2006,IV-A (CALABARZON),ordinary plywood,4'x8',0.25,6.35,290.94
2006,IV-A (CALABARZON),ordinary plywood,4'x8',0.5,12.7,516.28
2006,IV-A (CALABARZON),ordinary plywood,4'x8',0.75,19.05,823.78
2006,IV-A (CALABARZON),plyboard,4'x8',0.75,19.05,718.98
2006,V (Bicol Region),ordinary plywood,4'x8',0.125,3.175,241.25
2006,V (Bicol Region),ordinary plywood,4'x8',0.1875,4.7625,265
2006,V (Bicol Region),ordinary plywood,4'x8',0.25,6.35,285.62
2006,V (Bicol Region),ordinary plywood,4'x8',0.5,12.7,582.5
2006,V (Bicol Region),ordinary plywood,4'x8',0.75,19.05,861.25
2006,V (Bicol Region),plyboard,4'x8',0.75,19.05,738.75
2006,VI (Western Visayas),ordinary plywood,4'x8',0.125,3.175,235.29
2006,VI (Western Visayas),ordinary plywood,4'x8',0.1875,4.7625,250.83
2006,VI (Western Visayas),ordinary plywood,4'x8',0.25,6.35,264.92
2006,VI (Western Visayas),ordinary plywood,4'x8',0.5,12.7,507.08
2006,VI (Western Visayas),ordinary plywood,4'x8',0.75,19.05,742.5
2006,VI (Western Visayas),plyboard,4'x8',0.75,19.05,650.42
2006,VII (Central Visayas),ordinary plywood,4'x8',0.125,3.175,173.12
2006,VII (Central Visayas),ordinary plywood,4'x8',0.1875,4.7625,241.88
2006,VII (Central Visayas),ordinary plywood,4'x8',0.25,6.35,254.3
2006,VII (Central Visayas),ordinary plywood,4'x8',0.5,12.7,494.3
2006,VII (Central Visayas),ordinary plywood,4'x8',0.75,19.05,748.79
2006,VII (Central Visayas),plyboard,4'x8',0.75,19.05,577.8
2006,VIII (Eastern Visayas),ordinary plywood,4'x8',0.125,3.175,230
2006,VIII (Eastern Visayas),ordinary plywood,4'x8',0.1875,4.7625,285
2006,VIII (Eastern Visayas),ordinary plywood,4'x8',0.25,6.35,298
2006,VIII (Eastern Visayas),ordinary plywood,4'x8',0.5,12.7,542.5
2006,VIII (Eastern Visayas),ordinary plywood,4'x8',0.75,19.05,925
2006,VIII (Eastern Visayas),plyboard,4'x8',0.75,19.05,755
2006,IX (Zamboanga Peninsula),ordinary plywood,4'x8',0.125,3.175,187.5
2006,IX (Zamboanga Peninsula),ordinary plywood,4'x8',0.1875,4.7625,305
2006,IX (Zamboanga Peninsula),ordinary plywood,4'x8',0.25,6.35,294.5
2006,IX (Zamboanga Peninsula),ordinary plywood,4'x8',0.5,12.7,600
2006,IX (Zamboanga Peninsula),ordinary plywood,4'x8',0.75,19.05,898
2006,IX (Zamboanga Peninsula),plyboard,4'x8',0.75,19.05,610.67
2006,X (Northern Mindanao),ordinary plywood,4'x8',0.125,3.175,182
2006,X (Northern Mindanao),ordinary plywood,4'x8',0.1875,4.7625,228.57
2006,X (Northern Mindanao),ordinary plywood,4'x8',0.25,6.35,260.24
2006,X (Northern Mindanao),ordinary plywood,4'x8',0.5,12.7,493.57
2006,X (Northern Mindanao),ordinary plywood,4'x8',0.75,19.05,736.43
2006,X (Northern Mindanao),plyboard,4'x8',0.75,19.05,642.86
2006,XI (Davao Region),ordinary plywood,4'x8',0.125,3.175,174.86
2006,XI (Davao Region),ordinary plywood,4'x8',0.1875,4.7625,248.27
2006,XI (Davao Region),ordinary plywood,4'x8',0.25,6.35,352.5
2006,XI (Davao Region),ordinary plywood,4'x8',0.5,12.7,614.29
2006,XI (Davao Region),ordinary plywood,4'x8',0.75,19.05,630
2006,XI (Davao Region),plyboard,4'x8',0.75,19.05,625.16
2006,XII (SOCCSKSARGEN),ordinary plywood,4'x8',0.125,3.175,201.14
2006,XII (SOCCSKSARGEN),ordinary plywood,4'x8',0.1875,4.7625,-
2006,XII (SOCCSKSARGEN),ordinary plywood,4'x8',0.25,6.35,380
2006,XII (SOCCSKSARGEN),ordinary plywood,4'x8',0.5,12.7,-
2006,XII (SOCCSKSARGEN),ordinary plywood,4'x8',0.75,19.05,-
2006,XII (SOCCSKSARGEN),plyboard,4'x8',0.75,19.05,670
2006,XIII (Caraga),ordinary plywood,4'x8',0.125,3.175,176.83
2006,XIII (Caraga),ordinary plywood,4'x8',0.1875,4.7625,210.83
2006,XIII (Caraga),ordinary plywood,4'x8',0.25,6.35,228
2006,XIII (Caraga),ordinary plywood,4'x8',0.5,12.7,470
2006,XIII (Caraga),ordinary plywood,4'x8',0.75,19.05,756.5
2006,XIII (Caraga),plyboard,4'x8',0.75,19.05,612.56
2005,National,ordinary plywood,4'x8',0.125,3.175,204.22
2005,National,ordinary plywood,4'x8',0.1875,4.7625,261.43
2005,National,ordinary plywood,4'x8',0.25,6.35,281.8
2005,National,ordinary plywood,4'x8',0.5,12.7,516.55
2005,National,ordinary plywood,4'x8',0.75,19.05,802.97
2005,National,marine plywood,4'x8',0.25,6.35,316.1
2005,National,marine plywood,4'x8',0.5,12.7,625.12
2005,National,marine plywood,4'x8',0.75,19.05,963.28
2005,National,plyboard,4'x8',0.75,19.05,672.07
2005,NCR,ordinary plywood,4'x8',0.125,3.175,197.98
2005,NCR,ordinary plywood,4'x8',0.1875,4.7625,293.01
2005,NCR,ordinary plywood,4'x8',0.25,6.35,320
2005,NCR,ordinary plywood,4'x8',0.5,12.7,474.19
2005,NCR,ordinary plywood,4'x8',0.75,19.05,-
2005,NCR,marine plywood,4'x8',0.25,6.35,-
2005,NCR,marine plywood,4'x8',0.5,12.7,613.28
2005,NCR,marine plywood,4'x8',0.75,19.05,-
2005,NCR,plyboard,4'x8',0.75,19.05,-
2005,CAR,ordinary plywood,4'x8',0.125,3.175,207.26
2005,CAR,ordinary plywood,4'x8',0.1875,4.7625,270.33
2005,CAR,ordinary plywood,4'x8',0.25,6.35,307.99
2005,CAR,ordinary plywood,4'x8',0.5,12.7,540.29
2005,CAR,ordinary plywood,4'x8',0.75,19.05,818.32
2005,CAR,marine plywood,4'x8',0.25,6.35,342.07
2005,CAR,marine plywood,4'x8',0.5,12.7,589.56
2005,CAR,marine plywood,4'x8',0.75,19.05,913.15
2005,CAR,plyboard,4'x8',0.75,19.05,766.39
2005,I (Ilocos Region),ordinary plywood,4'x8',0.125,3.175,201.54
2005,I (Ilocos Region),ordinary plywood,4'x8',0.1875,4.7625,261.64
2005,I (Ilocos Region),ordinary plywood,4'x8',0.25,6.35,275.85
2005,I (Ilocos Region),ordinary plywood,4'x8',0.5,12.7,551.48
2005,I (Ilocos Region),ordinary plywood,4'x8',0.75,19.05,863.66
2005,I (Ilocos Region),marine plywood,4'x8',0.25,6.35,327.25
2005,I (Ilocos Region),marine plywood,4'x8',0.5,12.7,650.46
2005,I (Ilocos Region),marine plywood,4'x8',0.75,19.05,943.09
2005,I (Ilocos Region),plyboard,4'x8',0.75,19.05,711.74
2005,II (Cagayan Valley),ordinary plywood,4'x8',0.125,3.175,191.47
2005,II (Cagayan Valley),ordinary plywood,4'x8',0.1875,4.7625,273.59
2005,II (Cagayan Valley),ordinary plywood,4'x8',0.25,6.35,282.29
2005,II (Cagayan Valley),ordinary plywood,4'x8',0.5,12.7,486.24
2005,II (Cagayan Valley),ordinary plywood,4'x8',0.75,19.05,804.94
2005,II (Cagayan Valley),marine plywood,4'x8',0.25,6.35,338.64
2005,II (Cagayan Valley),marine plywood,4'x8',0.5,12.7,596.39
2005,II (Cagayan Valley),marine plywood,4'x8',0.75,19.05,925.43
2005,II (Cagayan Valley),plyboard,4'x8',0.75,19.05,748.77
2005,III (Central Luzon),ordinary plywood,4'x8',0.125,3.175,189.87
2005,III (Central Luzon),ordinary plywood,4'x8',0.1875,4.7625,267.27
2005,III (Central Luzon),ordinary plywood,4'x8',0.25,6.35,280.67
2005,III (Central Luzon),ordinary plywood,4'x8',0.5,12.7,453.74
2005,III (Central Luzon),ordinary plywood,4'x8',0.75,19.05,724.88
2005,III (Central Luzon),marine plywood,4'x8',0.25,6.35,315.43
2005,III (Central Luzon),marine plywood,4'x8',0.5,12.7,597.06
2005,III (Central Luzon),marine plywood,4'x8',0.75,19.05,882.37
2005,III (Central Luzon),plyboard,4'x8',0.75,19.05,676.55
2005,IV-A (CALABARZON),ordinary plywood,4'x8',0.125,3.175,233.45
2005,IV-A (CALABARZON),ordinary plywood,4'x8',0.1875,4.7625,271.08
2005,IV-A (CALABARZON),ordinary plywood,4'x8',0.25,6.35,293.83
2005,IV-A (CALABARZON),ordinary plywood,4'x8',0.5,12.7,569.97
2005,IV-A (CALABARZON),ordinary plywood,4'x8',0.75,19.05,850.75
2005,IV-A (CALABARZON),marine plywood,4'x8',0.25,6.35,330.5
2005,IV-A (CALABARZON),marine plywood,4'x8',0.5,12.7,599.49
2005,IV-A (CALABARZON),marine plywood,4'x8',0.75,19.05,1049.63
2005,IV-A (CALABARZON),plyboard,4'x8',0.75,19.05,731.82
2005,IV-B (MIMAROPA),ordinary plywood,4'x8',0.125,3.175,222.89
2005,IV-B (MIMAROPA),ordinary plywood,4'x8',0.1875,4.7625,264.31
2005,IV-B (MIMAROPA),ordinary plywood,4'x8',0.25,6.35,290.89
2005,IV-B (MIMAROPA),ordinary plywood,4'x8',0.5,12.7,572.97
2005,IV-B (MIMAROPA),ordinary plywood,4'x8',0.75,19.05,892.4
2005,IV-B (MIMAROPA),marine plywood,4'x8',0.25,6.35,358.55
2005,IV-B (MIMAROPA),marine plywood,4'x8',0.5,12.7,673.33
2005,IV-B (MIMAROPA),marine plywood,4'x8',0.75,19.05,1122.22
2005,IV-B (MIMAROPA),plyboard,4'x8',0.75,19.05,735.56
2005,V (Bicol Region),ordinary plywood,4'x8',0.125,3.175,217.61
2005,V (Bicol Region),ordinary plywood,4'x8',0.1875,4.7625,272.6
2005,V (Bicol Region),ordinary plywood,4'x8',0.25,6.35,291.86
2005,V (Bicol Region),ordinary plywood,4'x8',0.5,12.7,565.2
2005,V (Bicol Region),ordinary plywood,4'x8',0.75,19.05,839.59
2005,V (Bicol Region),marine plywood,4'x8',0.25,6.35,331.04
2005,V (Bicol Region),marine plywood,4'x8',0.5,12.7,660.84
2005,V (Bicol Region),marine plywood,4'x8',0.75,19.05,1017.82
2005,V (Bicol Region),plyboard,4'x8',0.75,19.05,770.43
2005,VI (Western Visayas),ordinary plywood,4'x8',0.125,3.175,229.49
2005,VI (Western Visayas),ordinary plywood,4'x8',0.1875,4.7625,261.02
2005,VI (Western Visayas),ordinary plywood,4'x8',0.25,6.35,267.94
2005,VI (Western Visayas),ordinary plywood,4'x8',0.5,12.7,489.23
2005,VI (Western Visayas),ordinary plywood,4'x8',0.75,19.05,757.4
2005,VI (Western Visayas),marine plywood,4'x8',0.25,6.35,329.03
2005,VI (Western Visayas),marine plywood,4'x8',0.5,12.7,603.67
2005,VI (Western Visayas),marine plywood,4'x8',0.75,19.05,948.92
2005,VI (Western Visayas),plyboard,4'x8',0.75,19.05,650.32
2005,VII (Central Visayas),ordinary plywood,4'x8',0.125,3.175,173.13
2005,VII (Central Visayas),ordinary plywood,4'x8',0.1875,4.7625,222.78
2005,VII (Central Visayas),ordinary plywood,4'x8',0.25,6.35,239.63
2005,VII (Central Visayas),ordinary plywood,4'x8',0.5,12.7,502.58
2005,VII (Central Visayas),ordinary plywood,4'x8',0.75,19.05,715.32
2005,VII (Central Visayas),marine plywood,4'x8',0.25,6.35,264.07
2005,VII (Central Visayas),marine plywood,4'x8',0.5,12.7,556.06
2005,VII (Central Visayas),marine plywood,4'x8',0.75,19.05,916.04
2005,VII (Central Visayas),plyboard,4'x8',0.75,19.05,582.17
2005,VIII (Eastern Visayas),ordinary plywood,4'x8',0.125,3.175,184
2005,VIII (Eastern Visayas),ordinary plywood,4'x8',0.1875,4.7625,248
2005,VIII (Eastern Visayas),ordinary plywood,4'x8',0.25,6.35,271
2005,VIII (Eastern Visayas),ordinary plywood,4'x8',0.5,12.7,510.5
2005,VIII (Eastern Visayas),ordinary plywood,4'x8',0.75,19.05,814.5
2005,VIII (Eastern Visayas),marine plywood,4'x8',0.25,6.35,302.25
2005,VIII (Eastern Visayas),marine plywood,4'x8',0.5,12.7,616.25
2005,VIII (Eastern Visayas),marine plywood,4'x8',0.75,19.05,1004
2005,VIII (Eastern Visayas),plyboard,4'x8',0.75,19.05,686
2005,IX (Zamboanga Peninsula),ordinary plywood,4'x8',0.125,3.175,215
2005,IX (Zamboanga Peninsula),ordinary plywood,4'x8',0.1875,4.7625,272.5
2005,IX (Zamboanga Peninsula),ordinary plywood,4'x8',0.25,6.35,300
2005,IX (Zamboanga Peninsula),ordinary plywood,4'x8',0.5,12.7,665
2005,IX (Zamboanga Peninsula),ordinary plywood,4'x8',0.75,19.05,-
2005,IX (Zamboanga Peninsula),marine plywood,4'x8',0.25,6.35,291.66
2005,IX (Zamboanga Peninsula),marine plywood,4'x8',0.5,12.7,858.67
2005,IX (Zamboanga Peninsula),marine plywood,4'x8',0.75,19.05,-
2005,IX (Zamboanga Peninsula),plyboard,4'x8',0.75,19.05,572
2005,X (Northern Mindanao),ordinary plywood,4'x8',0.125,3.175,163.05
2005,X (Northern Mindanao),ordinary plywood,4'x8',0.1875,4.7625,233.75
2005,X (Northern Mindanao),ordinary plywood,4'x8',0.25,6.35,299.17
2005,X (Northern Mindanao),ordinary plywood,4'x8',0.5,12.7,496.42
2005,X (Northern Mindanao),ordinary plywood,4'x8',0.75,19.05,788.33
2005,X (Northern Mindanao),marine plywood,4'x8',0.25,6.35,340.08
2005,X (Northern Mindanao),marine plywood,4'x8',0.5,12.7,591.25
2005,X (Northern Mindanao),marine plywood,4'x8',0.75,19.05,873.47
2005,X (Northern Mindanao),plyboard,4'x8',0.75,19.05,609.17
2005,XI (Davao Region),ordinary plywood,4'x8',0.125,3.175,210.04
2005,XI (Davao Region),ordinary plywood,4'x8',0.1875,4.7625,248.18
2005,XI (Davao Region),ordinary plywood,4'x8',0.25,6.35,262.5
2005,XI (Davao Region),ordinary plywood,4'x8',0.5,12.7,397.09
2005,XI (Davao Region),ordinary plywood,4'x8',0.75,19.05,-
2005,XI (Davao Region),marine plywood,4'x8',0.25,6.35,290
2005,XI (Davao Region),marine plywood,4'x8',0.5,12.7,609.39
2005,XI (Davao Region),marine plywood,4'x8',0.75,19.05,916.49
2005,XI (Davao Region),plyboard,4'x8',0.75,19.05,639.18
2005,XII (SOCCSKSARGEN),ordinary plywood,4'x8',0.125,3.175,239.59
2005,XII (SOCCSKSARGEN),ordinary plywood,4'x8',0.1875,4.7625,-
2005,XII (SOCCSKSARGEN),ordinary plywood,4'x8',0.25,6.35,-
2005,XII (SOCCSKSARGEN),ordinary plywood,4'x8',0.5,12.7,-
2005,XII (SOCCSKSARGEN),ordinary plywood,4'x8',0.75,19.05,-
2005,XII (SOCCSKSARGEN),marine plywood,4'x8',0.25,6.35,278.5
2005,XII (SOCCSKSARGEN),marine plywood,4'x8',0.5,12.7,593.75
2005,XII (SOCCSKSARGEN),marine plywood,4'x8',0.75,19.05,910
2005,XII (SOCCSKSARGEN),plyboard,4'x8',0.75,19.05,611
2005,XIII (Caraga),ordinary plywood,4'x8',0.125,3.175,191.14
2005,XIII (Caraga),ordinary plywood,4'x8',0.1875,4.7625,-
2005,XIII (Caraga),ordinary plywood,4'x8',0.25,6.35,243.34
2005,XIII (Caraga),ordinary plywood,4'x8',0.5,12.7,473.34
2005,XIII (Caraga),ordinary plywood,4'x8',0.75,19.05,765.5
2005,XIII (Caraga),marine plywood,4'x8',0.25,6.35,302.5
2005,XIII (Caraga),marine plywood,4'x8',0.5,12.7,592.5
2005,XIII (Caraga),marine plywood,4'x8',0.75,19.05,1063.34
2005,XIII (Caraga),plyboard,4'x8',0.75,19.05,590
2004,National,ordinary plywood,4'x8',0.125,3.175,191.53
2004,National,ordinary plywood,4'x8',0.1875,4.7625,240.85
2004,National,ordinary plywood,4'x8',0.25,6.35,264.81
2004,National,ordinary plywood,4'x8',0.5,12.7,491.81
2004,National,ordinary plywood,4'x8',0.75,19.05,778.12
2004,National,marine plywood,4'x8',0.125,3.175,187.75
2004,National,marine plywood,4'x8',0.1875,4.7625,262.58
2004,National,marine plywood,4'x8',0.25,6.35,298.09
2004,National,marine plywood,4'x8',0.5,12.7,584.17
2004,National,marine plywood,4'x8',0.75,19.05,941.12
2004,National,plyboard,4'x8',0.75,19.05,674.84
2004,NCR,ordinary plywood,4'x8',0.125,3.175,189.8
2004,NCR,ordinary plywood,4'x8',0.1875,4.7625,256.89
2004,NCR,ordinary plywood,4'x8',0.25,6.35,265
2004,NCR,ordinary plywood,4'x8',0.5,12.7,465.25
2004,NCR,ordinary plywood,4'x8',0.75,19.05,-
2004,NCR,marine plywood,4'x8',0.125,3.175,161
2004,NCR,marine plywood,4'x8',0.1875,4.7625,301.21
2004,NCR,marine plywood,4'x8',0.25,6.35,-
2004,NCR,marine plywood,4'x8',0.5,12.7,555.55
2004,NCR,marine plywood,4'x8',0.75,19.05,956.44
2004,NCR,plyboard,4'x8',0.75,19.05,676
2004,CAR,ordinary plywood,4'x8',0.125,3.175,189.35
2004,CAR,ordinary plywood,4'x8',0.1875,4.7625,233.97
2004,CAR,ordinary plywood,4'x8',0.25,6.35,267.31
2004,CAR,ordinary plywood,4'x8',0.5,12.7,506.17
2004,CAR,ordinary plywood,4'x8',0.75,19.05,727.01
2004,CAR,marine plywood,4'x8',0.125,3.175,-
2004,CAR,marine plywood,4'x8',0.1875,4.7625,-
2004,CAR,marine plywood,4'x8',0.25,6.35,294.04
2004,CAR,marine plywood,4'x8',0.5,12.7,541.11
2004,CAR,marine plywood,4'x8',0.75,19.05,898.82
2004,CAR,plyboard,4'x8',0.75,19.05,710.35
2004,I (Ilocos Region),ordinary plywood,4'x8',0.125,3.175,181
2004,I (Ilocos Region),ordinary plywood,4'x8',0.1875,4.7625,232.78
2004,I (Ilocos Region),ordinary plywood,4'x8',0.25,6.35,251.99
2004,I (Ilocos Region),ordinary plywood,4'x8',0.5,12.7,464.26
2004,I (Ilocos Region),ordinary plywood,4'x8',0.75,19.05,862.34
2004,I (Ilocos Region),marine plywood,4'x8',0.125,3.175,170
2004,I (Ilocos Region),marine plywood,4'x8',0.1875,4.7625,230
2004,I (Ilocos Region),marine plywood,4'x8',0.25,6.35,277.9
2004,I (Ilocos Region),marine plywood,4'x8',0.5,12.7,552.28
2004,I (Ilocos Region),marine plywood,4'x8',0.75,19.05,892.8
2004,I (Ilocos Region),plyboard,4'x8',0.75,19.05,765
2004,II (Cagayan Valley),ordinary plywood,4'x8',0.125,3.175,184.67
2004,II (Cagayan Valley),ordinary plywood,4'x8',0.1875,4.7625,229.28
2004,II (Cagayan Valley),ordinary plywood,4'x8',0.25,6.35,258.55
2004,II (Cagayan Valley),ordinary plywood,4'x8',0.5,12.7,480.96
2004,II (Cagayan Valley),ordinary plywood,4'x8',0.75,19.05,737.57
2004,II (Cagayan Valley),marine plywood,4'x8',0.125,3.175,-
2004,II (Cagayan Valley),marine plywood,4'x8',0.1875,4.7625,-
2004,II (Cagayan Valley),marine plywood,4'x8',0.25,6.35,293.33
2004,II (Cagayan Valley),marine plywood,4'x8',0.5,12.7,575
2004,II (Cagayan Valley),marine plywood,4'x8',0.75,19.05,914.94
2004,II (Cagayan Valley),plyboard,4'x8',0.75,19.05,950
2004,III (Central Luzon),ordinary plywood,4'x8',0.125,3.175,183.29
2004,III (Central Luzon),ordinary plywood,4'x8',0.1875,4.7625,236.84
2004,III (Central Luzon),ordinary plywood,4'x8',0.25,6.35,255.36
2004,III (Central Luzon),ordinary plywood,4'x8',0.5,12.7,442.69
2004,III (Central Luzon),ordinary plywood,4'x8',0.75,19.05,-
2004,III (Central Luzon),marine plywood,4'x8',0.125,3.175,-
2004,III (Central Luzon),marine plywood,4'x8',0.1875,4.7625,266.5
2004,III (Central Luzon),marine plywood,4'x8',0.25,6.35,271.84
2004,III (Central Luzon),marine plywood,4'x8',0.5,12.7,566.01
2004,III (Central Luzon),marine plywood,4'x8',0.75,19.05,901.18
2004,III (Central Luzon),plyboard,4'x8',0.75,19.05,606.87
2004,IV-A (CALABARZON),ordinary plywood,4'x8',0.125,3.175,181.25
2004,IV-A (CALABARZON),ordinary plywood,4'x8',0.1875,4.7625,250.88
2004,IV-A (CALABARZON),ordinary plywood,4'x8',0.25,6.35,257.37
2004,IV-A (CALABARZON),ordinary plywood,4'x8',0.5,12.7,486.33
2004,IV-A (CALABARZON),ordinary plywood,4'x8',0.75,19.05,771.21
2004,IV-A (CALABARZON),marine plywood,4'x8',0.125,3.175,-
2004,IV-A (CALABARZON),marine plywood,4'x8',0.1875,4.7625,275.48
2004,IV-A (CALABARZON),marine plywood,4'x8',0.25,6.35,281.68
2004,IV-A (CALABARZON),marine plywood,4'x8',0.5,12.7,564.94
2004,IV-A (CALABARZON),marine plywood,4'x8',0.75,19.05,891.15
2004,IV-A (CALABARZON),plyboard,4'x8',0.75,19.05,704.81
2004,IV-B (MIMAROPA),ordinary plywood,4'x8',0.125,3.175,211
2004,IV-B (MIMAROPA),ordinary plywood,4'x8',0.1875,4.7625,269
2004,IV-B (MIMAROPA),ordinary plywood,4'x8',0.25,6.35,281.86
2004,IV-B (MIMAROPA),ordinary plywood,4'x8',0.5,12.7,499.33
2004,IV-B (MIMAROPA),ordinary plywood,4'x8',0.75,19.05,781
2004,IV-B (MIMAROPA),marine plywood,4'x8',0.125,3.175,-
2004,IV-B (MIMAROPA),marine plywood,4'x8',0.1875,4.7625,-
2004,IV-B (MIMAROPA),marine plywood,4'x8',0.25,6.35,338.29
2004,IV-B (MIMAROPA),marine plywood,4'x8',0.5,12.7,680.63
2004,IV-B (MIMAROPA),marine plywood,4'x8',0.75,19.05,989.88
2004,IV-B (MIMAROPA),plyboard,4'x8',0.75,19.05,636.88
2004,V (Bicol Region),ordinary plywood,4'x8',0.125,3.175,-
2004,V (Bicol Region),ordinary plywood,4'x8',0.1875,4.7625,241
2004,V (Bicol Region),ordinary plywood,4'x8',0.25,6.35,318.67
2004,V (Bicol Region),ordinary plywood,4'x8',0.5,12.7,506.7
2004,V (Bicol Region),ordinary plywood,4'x8',0.75,19.05,841.25
2004,V (Bicol Region),marine plywood,4'x8',0.125,3.175,-
2004,V (Bicol Region),marine plywood,4'x8',0.1875,4.7625,-
2004,V (Bicol Region),marine plywood,4'x8',0.25,6.35,268.71
2004,V (Bicol Region),marine plywood,4'x8',0.5,12.7,577.59
2004,V (Bicol Region),marine plywood,4'x8',0.75,19.05,995.59
2004,V (Bicol Region),plyboard,4'x8',0.75,19.05,723.95
2004,VI (Western Visayas),ordinary plywood,4'x8',0.125,3.175,221.65
2004,VI (Western Visayas),ordinary plywood,4'x8',0.1875,4.7625,239.42
2004,VI (Western Visayas),ordinary plywood,4'x8',0.25,6.35,244.16
2004,VI (Western Visayas),ordinary plywood,4'x8',0.5,12.7,473.34
2004,VI (Western Visayas),ordinary plywood,4'x8',0.75,19.05,731.67
2004,VI (Western Visayas),marine plywood,4'x8',0.125,3.175,-
2004,VI (Western Visayas),marine plywood,4'x8',0.1875,4.7625,-
2004,VI (Western Visayas),marine plywood,4'x8',0.25,6.35,324.57
2004,VI (Western Visayas),marine plywood,4'x8',0.5,12.7,582.83
2004,VI (Western Visayas),marine plywood,4'x8',0.75,19.05,957.16
2004,VI (Western Visayas),plyboard,4'x8',0.75,19.05,680.4
2004,VII (Central Visayas),ordinary plywood,4'x8',0.125,3.175,173.13
2004,VII (Central Visayas),ordinary plywood,4'x8',0.1875,4.7625,222.79
2004,VII (Central Visayas),ordinary plywood,4'x8',0.25,6.35,239.63
2004,VII (Central Visayas),ordinary plywood,4'x8',0.5,12.7,502.58
2004,VII (Central Visayas),ordinary plywood,4'x8',0.75,19.05,715.32
2004,VII (Central Visayas),marine plywood,4'x8',0.125,3.175,-
2004,VII (Central Visayas),marine plywood,4'x8',0.1875,4.7625,240.83
2004,VII (Central Visayas),marine plywood,4'x8',0.25,6.35,264.08
2004,VII (Central Visayas),marine plywood,4'x8',0.5,12.7,556.06
2004,VII (Central Visayas),marine plywood,4'x8',0.75,19.05,916.04
2004,VII (Central Visayas),plyboard,4'x8',0.75,19.05,582.18
2004,VIII (Eastern Visayas),ordinary plywood,4'x8',0.125,3.175,180.25
2004,VIII (Eastern Visayas),ordinary plywood,4'x8',0.1875,4.7625,248
2004,VIII (Eastern Visayas),ordinary plywood,4'x8',0.25,6.35,255.42
2004,VIII (Eastern Visayas),ordinary plywood,4'x8',0.5,12.7,533.5
2004,VIII (Eastern Visayas),ordinary plywood,4'x8',0.75,19.05,825.92
2004,VIII (Eastern Visayas),marine plywood,4'x8',0.125,3.175,180
2004,VIII (Eastern Visayas),marine plywood,4'x8',0.1875,4.7625,262.58
2004,VIII (Eastern Visayas),marine plywood,4'x8',0.25,6.35,300.17
2004,VIII (Eastern Visayas),marine plywood,4'x8',0.5,12.7,606
2004,VIII (Eastern Visayas),marine plywood,4'x8',0.75,19.05,1027.17
2004,VIII (Eastern Visayas),plyboard,4'x8',0.75,19.05,722.67
2004,IX (Zamboanga Peninsula),ordinary plywood,4'x8',0.125,3.175,215
2004,IX (Zamboanga Peninsula),ordinary plywood,4'x8',0.1875,4.7625,265
2004,IX (Zamboanga Peninsula),ordinary plywood,4'x8',0.25,6.35,256
2004,IX (Zamboanga Peninsula),ordinary plywood,4'x8',0.5,12.7,-
2004,IX (Zamboanga Peninsula),ordinary plywood,4'x8',0.75,19.05,-
2004,IX (Zamboanga Peninsula),marine plywood,4'x8',0.125,3.175,-
2004,IX (Zamboanga Peninsula),marine plywood,4'x8',0.1875,4.7625,286.75
2004,IX (Zamboanga Peninsula),marine plywood,4'x8',0.25,6.35,291.66
2004,IX (Zamboanga Peninsula),marine plywood,4'x8',0.5,12.7,663.72
2004,IX (Zamboanga Peninsula),marine plywood,4'x8',0.75,19.05,900
2004,IX (Zamboanga Peninsula),plyboard,4'x8',0.75,19.05,572
2004,X (Northern Mindanao),ordinary plywood,4'x8',0.125,3.175,167.08
2004,X (Northern Mindanao),ordinary plywood,4'x8',0.1875,4.7625,226.11
2004,X (Northern Mindanao),ordinary plywood,4'x8',0.25,6.35,284.79
2004,X (Northern Mindanao),ordinary plywood,4'x8',0.5,12.7,499.39
2004,X (Northern Mindanao),ordinary plywood,4'x8',0.75,19.05,787.88
2004,X (Northern Mindanao),marine plywood,4'x8',0.125,3.175,240
2004,X (Northern Mindanao),marine plywood,4'x8',0.1875,4.7625,256.36
2004,X (Northern Mindanao),marine plywood,4'x8',0.25,6.35,321.21
2004,X (Northern Mindanao),marine plywood,4'x8',0.5,12.7,570.31
2004,X (Northern Mindanao),marine plywood,4'x8',0.75,19.05,876.86
2004,X (Northern Mindanao),plyboard,4'x8',0.75,19.05,599.36
2004,XI (Davao Region),ordinary plywood,4'x8',0.125,3.175,210.78
2004,XI (Davao Region),ordinary plywood,4'x8',0.1875,4.7625,-
2004,XI (Davao Region),ordinary plywood,4'x8',0.25,6.35,283.5
2004,XI (Davao Region),ordinary plywood,4'x8',0.5,12.7,549.9
2004,XI (Davao Region),ordinary plywood,4'x8',0.75,19.05,-
2004,XI (Davao Region),marine plywood,4'x8',0.125,3.175,-
2004,XI (Davao Region),marine plywood,4'x8',0.1875,4.7625,-
2004,XI (Davao Region),marine plywood,4'x8',0.25,6.35,328.33
2004,XI (Davao Region),marine plywood,4'x8',0.5,12.7,613.08
2004,XI (Davao Region),marine plywood,4'x8',0.75,19.05,898.81
2004,XI (Davao Region),plyboard,4'x8',0.75,19.05,693.27
2004,XII (SOCCSKSARGEN),ordinary plywood,4'x8',0.125,3.175,-
2004,XII (SOCCSKSARGEN),ordinary plywood,4'x8',0.1875,4.7625,-
2004,XII (SOCCSKSARGEN),ordinary plywood,4'x8',0.25,6.35,-
2004,XII (SOCCSKSARGEN),ordinary plywood,4'x8',0.5,12.7,-
2004,XII (SOCCSKSARGEN),ordinary plywood,4'x8',0.75,19.05,-
2004,XII (SOCCSKSARGEN),marine plywood,4'x8',0.125,3.175,-
2004,XII (SOCCSKSARGEN),marine plywood,4'x8',0.1875,4.7625,-
2004,XII (SOCCSKSARGEN),marine plywood,4'x8',0.25,6.35,-
2004,XII (SOCCSKSARGEN),marine plywood,4'x8',0.5,12.7,557.44
2004,XII (SOCCSKSARGEN),marine plywood,4'x8',0.75,19.05,-
2004,XII (SOCCSKSARGEN),plyboard,4'x8',0.75,19.05,588.68
2004,XIII (Caraga),ordinary plywood,4'x8',0.125,3.175,193.1
2004,XIII (Caraga),ordinary plywood,4'x8',0.1875,4.7625,220
2004,XIII (Caraga),ordinary plywood,4'x8',0.25,6.35,252.5
2004,XIII (Caraga),ordinary plywood,4'x8',0.5,12.7,475
2004,XIII (Caraga),ordinary plywood,4'x8',0.75,19.05,-
2004,XIII (Caraga),marine plywood,4'x8',0.125,3.175,-
2004,XIII (Caraga),marine plywood,4'x8',0.1875,4.7625,243.5
2004,XIII (Caraga),marine plywood,4'x8',0.25,6.35,317.5
2004,XIII (Caraga),marine plywood,4'x8',0.5,12.7,-
2004,XIII (Caraga),marine plywood,4'x8',0.75,19.05,1100
2004,XIII (Caraga),plyboard,4'x8',0.75,19.05,585
