province,position,name,nickname,party_affiliation,votes_obtained
Abra,Provincial Governor,"Valera, Vicente Paredes",Vicsyd,Nationalist People's Coalition,69662
Abra,Provincial Vice-Governor,"Lo, Jaime Alvarez",Enghing,Nationalist People's Coalition,66083
Abra,Provincial Board Member,"Berona, Jonathan Sotelo",Nathan,Partido Demokratiko Sosyalista ng Pilipinas,21489
Abra,Provincial Board Member,"Valera, Victor Asuncion",Vic,Nationalist People's Coalition,18049
Abra,Provincial Board Member,"Flores, Edgardo Gonzales",Edgar,Liberal Party,17566
Abra,Provincial Board Member,"Paredes, Ruben Aliga",Ben,Lakas-Christian Muslim Democrats,17341
Abra,Provincial Board Member,"Bersamin, James Burgos",James,Nationalist People's Coalition,32866
Abra,Provincial Board Member,"Cardenas, Perfecto Bolos",Poop,Nationalist People's Coalition,26937
Abra,Provincial Board Member,"Barona, Victorino Inguatan",Vic,Partido Demokratiko Sosyalista ng Pilipinas,24694
Abra,Provincial Board Member,"Dickson, Ramon Ong",Mon,Partido Demokratiko Sosyalista ng Pilipinas,24460
Agusal Del Norte,Provincial Governor,"Amante, Erlpe John Malbas",Ping,Lakas-Christian Muslim Democrats,64198
Agusal Del Norte,Provincial Vice-Governor,"Corvera, Dale Bokingo",Del,Lakas-Christian Muslim Democrats,45856
Agusal Del Norte,Provincial Board Member,"Escasinas, Virgilio Jr. Radaza",Jun-Jun,Liberal Party,4163
Agusal Del Norte,Provincial Board Member,"Ceniza, Ernie Mori",Erns,Lakas-Christian Muslim Democrats,47932
Agusal Del Norte,Provincial Board Member,"Dagani, Rogelio Pabia",Roger,Lakas-Christian Muslim Democrats,43532
Agusal Del Norte,Provincial Board Member,"Famador, Alan MUnited Oppositionz",Alan,Lakas-Christian Muslim Democrats,43424
Agusal Del Norte,Provincial Board Member,"Atupan, Venerando Dolotina",Vener,Lakas-Christian Muslim Democrats,41547
Agusal Del Norte,Provincial Board Member,"Tomaneng, Sadeka Garcia",Deka,Lakas-Christian Muslim Democrats,40563
Agusal Del Norte,Provincial Board Member,"Gambe, Aquino Wabe",Quin,Liberal Party,39690
Agusal Del Norte,Provincial Board Member,"Libarios, Arcedel Ibay",Kidz,Liberal Party,36882
Agusal Del Norte,Provincial Board Member,"Tan, Andres Ramirez",Andring/Dring,Lakas-Christian Muslim Democrats,36817
Agusal Del Norte,Provincial Board Member,"Ago, Sunny Mahumot",Sunny Boy,Liberal Party,34454
Agusan Del Sur,Provincial Governor,"Plaza, Adolph Edward Galido",Eddie Bong,Lakas-Christian Muslim Democrats,113662
Agusan Del Sur,Provincial Vice-Governor,"Getes, Virginia Magbanua",Virgie,Lakas-Christian Muslim Democrats,93440
Agusan Del Sur,Provincial Board Member,"Campos, Aida Redillas",Aida,Lakas-Christian Muslim Democrats,46372
Agusan Del Sur,Provincial Board Member,"Bascug, Alfelito Maraon",Alfel,Lakas-Christian Muslim Democrats,46236
Agusan Del Sur,Provincial Board Member,"Cane, Santiago Jr. Barriga",Santi,Lakas-Christian Muslim Democrats,43851
Agusan Del Sur,Provincial Board Member,"Alonde, Cesar Masayon",Boy,Lakas-Christian Muslim Democrats,39873
Agusan Del Sur,Provincial Board Member,"Santiago, Allan Jala",Allan,Lakas-Christian Muslim Democrats,37851
Agusan Del Sur,Provincial Board Member,"De Asis, Jenny Diesto",Jenny,Lakas-Christian Muslim Democrats,60142
Agusan Del Sur,Provincial Board Member,"Mondejar, Salimar Torralba",Loloy,Lakas-Christian Muslim Democrats,40708
Agusan Del Sur,Provincial Board Member,"Bunilla, Jose Cadiog",Joe,Lakas-Christian Muslim Democrats,40295
Agusan Del Sur,Provincial Board Member,"Prochina, Timoteo Burdeos",Teyoy,Lakas-Christian Muslim Democrats,39113
Agusan Del Sur,Provincial Board Member,"Plaza, Glenn Mondejar",Glen,Lakas-Christian Muslim Democrats,34353
Aklan,Provincial Governor,"Marquez, Carlito Samson",Lito,Lakas-Christian Muslim Democrats,78581
Aklan,Provincial Vice-Governor,"Tolentino, Ronquillo Conanan",Kel,Lakas-Christian Muslim Democrats,75615
Aklan,Provincial Board Member,"Fuentes, Stevens Nabor",Steve,Liberal Party,43458
Aklan,Provincial Board Member,"Briones, Daisy Sucro",Daisy,Lakas-Christian Muslim Democrats,39569
Aklan,Provincial Board Member,"Morania, Plaridel Masagnay",Dodoy,Laban ng Demokratikong Pilipino,38216
Aklan,Provincial Board Member,"Regalado, Santiago Del Rosario",Sonny,Lakas-Christian Muslim Democrats,32109
Aklan,Provincial Board Member,"Venus, Eriberto Laurente",Berting,Lakas-Christian Muslim Democrats,30998
Aklan,Provincial Board Member,"Garcia, Pedro Monfort",Pete,Lakas-Christian Muslim Democrats,33405
Aklan,Provincial Board Member,"Templonuevo, Gerick Maribojo",Gerick,Liberal Party,32063
Aklan,Provincial Board Member,"Ibarreta, Selwyn Candelario",Selwyn,Liberal Party,30946
Aklan,Provincial Board Member,"Yap, Jose Sacapano",Joe,Lakas-Christian Muslim Democrats,29499
Aklan,Provincial Board Member,"Gelito, Ramon Sucgang",Andoy,Partido Demokratiko Pilipino-Lakas-Christian Muslim Democrats ng Bayan,24544
Albay,Provincial Governor,"Gonzales, Fernando Vallejo",Nando,Independent,188318
Albay,Provincial Vice-Governor,"Calisin, Jesus James Bragais",Bayan,Lakas-Christian Muslim Democrats,270977
Albay,Provincial Board Member,"Borejon, Raul Roi Bequio",Rb,Lakas-Christian Muslim Democrats,54807
Albay,Provincial Board Member,"Berces, Felipe Valderama",Philip,Puwersa ng Masang Pilipino,41234
Albay,Provincial Board Member,"Aytona, Celso Bertumen",Cel,Lakas-Christian Muslim Democrats,36412
Albay,Provincial Board Member,"Andes, Ralph Alvarado",Ralph,Lakas-Christian Muslim Democrats,55990
Albay,Provincial Board Member,"Estevez, Jose Jr. AcUnited Negros Alliance",Pepe,Independent,55678
Albay,Provincial Board Member,"Montallana, Neil LUnited Negros Alliance",Neil,Lakas-Christian Muslim Democrats,42113
Albay,Provincial Board Member,"Fernandez, Ramon Jr. Tuason",Dondon,Lakas-Christian Muslim Democrats,38645
Albay,Provincial Board Member,"Imperial, Harold Ong",Lod,Lakas-Christian Muslim Democrats,36965
Albay,Provincial Board Member,"Saribong , Jose Sayson",Bebot,Puwersa ng Masang Pilipino,36815
Albay,Provincial Board Member,"Rances, Jesus Rangasajo",Jess,Lakas-Christian Muslim Democrats,29343
Antique,Provincial Governor,"Perez, Salvacion Zaldivar",Sally,Liberal Party,95368
Antique,Provincial Vice-Governor,"Cadiao, Rhodora Javier",Dodod; Dods,Lakas-Christian Muslim Democrats,69597
Antique,Provincial Board Member,"Untaran, Silvestre Jr. Espanola",Pancho,Liberal Party,38515
Antique,Provincial Board Member,"Tubianosa, Zoilo Bernardo Espino",Dr. Bernie,Liberal Party,38357
Antique,Provincial Board Member,"Marfil, Damian Jr. Grasparil",Danny,Lakas-Christian Muslim Democrats,38035
Antique,Provincial Board Member,"Piccio, Vincent III Hernandez",Vince,Lakas-Christian Muslim Democrats,36824
Antique,Provincial Board Member,"Osunero, Julito Villanueva",Julit,Liberal Party,36588
Antique,Provincial Board Member,"Dimamay, Rosie Adayon",Rose,Lakas-Christian Muslim Democrats,36824
Antique,Provincial Board Member,"Nicopior, Burgos Berdon",Bugo,Liberal Party,35853
Antique,Provincial Board Member,"Santillan, Errol Train",Bobot,Lakas-Christian Muslim Democrats,31920
Antique,Provincial Board Member,"Zaldivar, Calixto III Gotico",Toto Cali,Laban ng Demokratikong Pilipino,31396
Antique,Provincial Board Member,"Dela Cruz, Juanita Tan",Inday Jeannie,Nationalist People's Coalition,28047
Apayao,Provincial Governor,"Bulut, Elias Sr. Kirtug",Ely,Puwersa ng Masang Pilipino,34374
Apayao,Provincial Vice-Governor,"Delwasen, Paul Alingog",-,Nationalist People's Coalition,24634
Apayao,Provincial Board Member,"Deguiom, Antonio Caddawon",Tony,Nationalist People's Coalition,10622
Apayao,Provincial Board Member,"Amid, Jaime Biyong",Jimmy,Nationalist People's Coalition,9998
Apayao,Provincial Board Member,"Agudelo, Dionisio Stewart",Diony,Nationalist People's Coalition,9479
Apayao,Provincial Board Member,"Mangalao, Tolentino Carteo",Butz,Nationalist People's Coalition,7777
Apayao,Provincial Board Member,"Pascua, Hector Reuel Dacumos",Hector,Nationalist People's Coalition,10300
Apayao,Provincial Board Member,"Galleon, Emiliano Aspili",Emil,Nationalist People's Coalition,9107
Apayao,Provincial Board Member,"Canonizado, ELapiang Manggagawaer Pascua",ELapiang Manggagawaer,Nationalist People's Coalition,8060
Apayao,Provincial Board Member,"Ballesteros, Mailah Haylee Lorenzo",Mailah/Myla,Nationalist People's Coalition,7439
Aurora,Provincial Governor,"Castillo, Bellaflor Angara",Bella,Laban ng Demokratikong Pilipino,44635
Aurora,Provincial Vice-Governor,"Tangson, Annabelle Calderon",Abel,Laban ng Demokratikong Pilipino,37871
Aurora,Provincial Board Member,"Taay, Shierwin Halili",Weng,Lakas-Christian Muslim Democrats,22321
Aurora,Provincial Board Member,"Querijero, Zenaida Sindac",Ka Zeny,Laban ng Demokratikong Pilipino,19651
Aurora,Provincial Board Member,"Mata, Benjamin Cruz",Kuya Ben,Laban ng Demokratikong Pilipino,17273
Aurora,Provincial Board Member,"Bautista, Philip Butch Molina",Butch,Lakas-Christian Muslim Democrats,16921
Aurora,Provincial Board Member,"Amansec, Narciso Dela Cruz",Nar,Lakas-Christian Muslim Democrats,15448
Aurora,Provincial Board Member,"Miran, Pablo Galolo",Tho,Lakas-Christian Muslim Democrats,11237
Aurora,Provincial Board Member,"Pascua, Renato Villena",Ato,Laban ng Demokratikong Pilipino,10900
Aurora,Provincial Board Member,"Cabauatan, Joselito Sr. Blanche",Joe,Lakas-Christian Muslim Democrats,10496
Basilan,Provincial Governor,"Wahab, Akbar Muhtamad",Tuwan,Lakas-Christian Muslim Democrats,83432
Basilan,Provincial Vice-Governor,"Sakkalahul, Al-Rasheed Ahmad MatUnited Negros Allianceng",Al,Aksyon Demokratiko,57215
Basilan,Provincial Board Member,"Fernandez, Otoh Imamil",Eddie,Lakas-Christian Muslim Democrats,24880
Basilan,Provincial Board Member,"Muarip, Moumar Lipae",Mar,Lakas-Christian Muslim Democrats,18549
Basilan,Provincial Board Member,"Alejo, Taib Abdulhamid",Max Tamban,Liberal Party,17946
Basilan,Provincial Board Member,"Jilhani, Placido Sulay",Cido,Lakas-Christian Muslim Democrats,17118
Basilan,Provincial Board Member,"Angeles, Alton T.",Alton,Lakas-Christian Muslim Democrats,28989
Basilan,Provincial Board Member,"Mujahid, AbduLapiang Manggagawauhmin Alyakanie",Ust. Mujahid,Lakas-Christian Muslim Democrats,22331
Basilan,Provincial Board Member,"Hantian, Ronie Ajijil",Mubin,Puwersa ng Masang Pilipino,20454
Basilan,Provincial Board Member,"Said, Jubaira Sali",Bhing,Lakas-Christian Muslim Democrats,19736
Bataan,Provincial Governor,"Garcia, Enrique Jr. Tuason",Tet,Lakas-Christian Muslim Democrats,145431
Bataan,Provincial Vice-Governor,"Alonzo, Benjamin Manalaotao",Ben,Partido Demokratiko Sosyalista ng Pilipinas,126590
Bataan,Provincial Board Member,"Izon, Rodolfo San Diego",Rod Izon,Nationalist People's Coalition,60085
Bataan,Provincial Board Member,"Enrile, Edwin Yandoc",Edwin,Nationalist People's Coalition,58254
Bataan,Provincial Board Member,"Roman, Edward Cruz",Papo,Nationalist People's Coalition,56902
Bataan,Provincial Board Member,"Salandanan, Rodolfo Soriano",Rod,Nationalist People's Coalition,46710
Bataan,Provincial Board Member,"Miranda, Orlando Susi",Orling,Lakas-Christian Muslim Democrats,43749
Bataan,Provincial Board Member,"Beltran, Manuel Naval",Manny,Nationalist People's Coalition,69685
Bataan,Provincial Board Member,"Calimbas, Edgardo Perez",Doc Ed,Nationalist People's Coalition,60416
Bataan,Provincial Board Member,"Manalaysay, Dante Robles",Dante,Nationalist People's Coalition,55546
Bataan,Provincial Board Member,"Austria, Fernando Cruz",Ped,Lakas-Christian Muslim Democrats,53863
Bataan,Provincial Board Member,"Florendo, Eduard Gundran",Ed Florendo,Lakas-Christian Muslim Democrats,51510
Batanes,Provincial Governor,"Gato, Vicente De Sagon",Vic,Liberal Party,4590
Batanes,Provincial Vice-Governor,"Castillejos, Constante Abad",Dante,Liberal Party,3886
Batanes,Provincial Board Member,"Elica, Ferdinand Cultura",Ferdie,Liberal Party,2608
Batanes,Provincial Board Member,"Fabi, Amada Estamo",Mading,Liberal Party,1854
Batanes,Provincial Board Member,"Hontomin, Orlando Elizondo",Lando,Liberal Party,1797
Batanes,Provincial Board Member,"Abas, Milagros Juliet Figuro",Julie,Liberal Party,2653
Batanes,Provincial Board Member,"Cielo, Romulo Cervillon",Romy,Liberal Party,2220
Batanes,Provincial Board Member,"Villa, Ignacio Castro",Nanoy,Liberal Party,2153
Batangas,Provincial Governor,"Sanchez, Armando Carpio",Arman,Liberal Party,305631
Batangas,Provincial Vice-Governor,"Recto, Richard Gonzalez",Ricky,Lakas-Christian Muslim Democrats,242580
Batangas,Provincial Board Member,"Malabanan, Consuelo Salanguit",Ellen,Lakas-Christian Muslim Democrats,89817
Batangas,Provincial Board Member,"Bausas, Benjamin Ignaco",Benjie,Laban ng Demokratikong Pilipino,60689
Batangas,Provincial Board Member,"Atienza, Sergio Godoy",Serging,Liberal Party,89158
Batangas,Provincial Board Member,"Berberabe, Godofredo Jr. Marcaida",Jun,Liberal Party,79842
Batangas,Provincial Board Member,"De Loyola, Florencio Abacan",Flor,Liberal Party,77996
Batangas,Provincial Board Member,"Balba, Rodolfo Matanguihan",Rudy,Liberal Party,81319
Batangas,Provincial Board Member,"Hernandez, Cecilio Fajardo",Cillo,Lakas-Christian Muslim Democrats,66553
Batangas,Provincial Board Member,"Leviste, Jose Antonio II Sermonia",Marc/Mark,Lakas-Christian Muslim Democrats,123748
Batangas,Provincial Board Member,"Africa, Rowena Sombrano",Wheng,Independent,114181
Batangas,Provincial Board Member,"Bolilia, Lianda Brucal",Siling Labuyo,Lakas-Christian Muslim Democrats,96593
Benguet,Provincial Governor,"Melchor, Borromeo Pinas",Bonjo,Laban ng Demokratikong Pilipino,46630
Benguet,Provincial Vice-Governor,"Pacalso, Cresencio Carino",Cencio,Nationalist People's Coalition,60425
Benguet,Provincial Board Member,"Kato, Aloysius Guirey",Aloy,Aksyon Demokratiko,18192
Benguet,Provincial Board Member,"Aritao, Fernando Marino",Nando,Nationalist People's Coalition,17748
Benguet,Provincial Board Member,"Nazarro, Juan Jr. Molintas",Coy,Nationalist People's Coalition,17293
Benguet,Provincial Board Member,"Inso, Marciano Sr Tanacio",Mars,Lakas-Christian Muslim Democrats,16087
Benguet,Provincial Board Member,"Kim, John Bacbac",Mitra,Nationalist People's Coalition,34743
Benguet,Provincial Board Member,"Camsol, Apolinario Tino",Polon,Nationalist People's Coalition,29752
Benguet,Provincial Board Member,"Agpas, Liso Leganto",Lizo,Liberal Party,29698
Benguet,Provincial Board Member,"Uy, Johnny Salasa",Johnny,Nationalist People's Coalition,27165
Benguet,Provincial Board Member,"Copas, Sario Mesa",Cesar,Liberal Party,25941
Benguet,Provincial Board Member,"Cosente, Joseph Alisto",Joe,Nationalist People's Coalition,25552
Biliran,Provincial Governor,"Espina, Rogelio Jimenez",Roger,Lakas-Christian Muslim Democrats,44528
Biliran,Provincial Vice-Governor,"Chan, Carlos Laurente",Charlie,Lakas-Christian Muslim Democrats,32158
Biliran,Provincial Board Member,"Curso, Lucila Corpin",Lucy,Lakas-Christian Muslim Democrats,17015
Biliran,Provincial Board Member,"Sabitsana, Elizar Sabinay",Ely,Lakas-Christian Muslim Democrats,16665
Biliran,Provincial Board Member,"Solite, Getolio Bernadas",Getol,Lakas-Christian Muslim Democrats,16206
Biliran,Provincial Board Member,"Kho, Ricardo Retuerto",Boboy,Lakas-Christian Muslim Democrats,15770
Biliran,Provincial Board Member,"Tubis, Eriberto Jr. Dadizon",Boboy,Lakas-Christian Muslim Democrats,14201
Biliran,Provincial Board Member,"Enage, Gina Maria Batongbacal",Gina,Independent,13501
Biliran,Provincial Board Member,"Sabornido, Rolando Ayoste",Boyet,Lakas-Christian Muslim Democrats,12210
Biliran,Provincial Board Member,"Gervacio, Orencio Talacay",Renz,Lakas-Christian Muslim Democrats,10693
Bohol,Provincial Governor,"Aumentado, Erico Boyles",Ric,Lakas-Christian Muslim Democrats,238497
Bohol,Provincial Vice-Governor,"Herrera, Julius Caesar Falar",Julius,Lakas-Christian Muslim Democrats,335694
Bohol,Provincial Board Member,"Veloso, Jose Echavia",Dodong,Lakas-Christian Muslim Democrats,90304
Bohol,Provincial Board Member,"Mascarinas, Eufrasio Mante",Prasing,Lakas-Christian Muslim Democrats,90072
Bohol,Provincial Board Member,"Uy, Felix Realista",Lex,Lakas-Christian Muslim Democrats,84240
Bohol,Provincial Board Member,"Tirol , Amalia Reyes",Mally,Lakas-Christian Muslim Democrats,73832
Bohol,Provincial Board Member,"Garcia, Felix Teofilo",Lingging,Lakas-Christian Muslim Democrats,61604
Bohol,Provincial Board Member,"Camacho-Lejos, Ma Fe Camacho",Ma. Fe,Lakas-Christian Muslim Democrats,56829
Bohol,Provincial Board Member,"Balite, Dionisio Dajalos",Dioning,Lakas-Christian Muslim Democrats,98979
Bohol,Provincial Board Member,"Lim, Concepcion Ong",Inday,Lakas-Christian Muslim Democrats,87101
Bohol,Provincial Board Member,"Galbreath, Ester Corazon Jamisola",Azon,Lakas-Christian Muslim Democrats,76048
Bohol,Provincial Board Member,"Tirol, Godofreda Olavides",Freda,Koalisyon ng Nagkakaisang Pilipino,66049
Bukidnon,Provincial Governor,"Zubiri, Jose Ma Jr. Rubin",Nonoy Joe,Lakas-Christian Muslim Democrats,333769
Bukidnon,Provincial Vice-Governor,"Calingasan, Alex Padua",Boy,Lakas-Christian Muslim Democrats,263902
Bukidnon,Provincial Board Member,"Pancrudo, Ben Pios",Boboy,Lakas-Christian Muslim Democrats,56442
Bukidnon,Provincial Board Member,"Guden, Alfredo Cotacte",Fred,Lakas-Christian Muslim Democrats,55633
Bukidnon,Provincial Board Member,"Onahon, Nickarter Sambalon",Nick,Lakas-Christian Muslim Democrats,50417
Bukidnon,Provincial Board Member,"Deticio, Roland Forcado",Bong,Lakas-Christian Muslim Democrats,79139
Bukidnon,Provincial Board Member,"Aldeguer, Victor PaLapiang Manggagawaa",Vic-Vic,Lakas-Christian Muslim Democrats,75389
Bukidnon,Provincial Board Member,"Peduche, Glenn Penaflorida",Bebot,Lakas-Christian Muslim Democrats,72865
Bukidnon,Provincial Board Member,"Pepito, Camilo Eduave",Milo,Lakas-Christian Muslim Democrats,66211
Bukidnon,Provincial Board Member,"Abaquita, Rodolfo Maasin",Rudy,Lakas-Christian Muslim Democrats,78263
Bukidnon,Provincial Board Member,"Macias, Anacleto Trumata",Clets,Lakas-Christian Muslim Democrats,66544
Bukidnon,Provincial Board Member,"Mabelin, Romeo Tan",Goming,Lakas-Christian Muslim Democrats,66403
Bulacan,Provincial Governor,"Dela Cruz, Josefina Roxas/Mendoza",Josie,Lakas-Christian Muslim Democrats,788892
Bulacan,Provincial Vice-Governor,"Plamenco, Aurelio Santos",Rely,Lakas-Christian Muslim Democrats,494464
Bulacan,Provincial Board Member,"Aniag, Pacifico Briones",Boy,Lakas-Christian Muslim Democrats,130872
Bulacan,Provincial Board Member,"Laderas, Patrocinio Francisco",Pat,Lakas-Christian Muslim Democrats,108453
Bulacan,Provincial Board Member,"Mendoza, Raul Villena",Rolly,Lakas-Christian Muslim Democrats,107962
Bulacan,Provincial Board Member,"Ramirez, Cesar Fernando",Daniel Fernando,Lakas-Christian Muslim Democrats,147099
Bulacan,Provincial Board Member,"Trinidad, Warlito Gonzales",Warlie,Lakas-Christian Muslim Democrats,99327
Bulacan,Provincial Board Member,"Sulit, Ernesto Salvador",Erning,Lakas-Christian Muslim Democrats,81127
Bulacan,Provincial Board Member,"Viudez, Enrique II Violago",Boy Asac,Lakas-Christian Muslim Democrats,77980
Bulacan,Provincial Board Member,"Delos Santos, Enrique Avena",Ike,Lakas-Christian Muslim Democrats,121567
Bulacan,Provincial Board Member,"Santos, Glenn Bonifacio",Glenn/Glen,Lakas-Christian Muslim Democrats,108844
Bulacan,Provincial Board Member,"Tamayo, Primitivo Gonzales",Boy,Lakas-Christian Muslim Democrats,95051
Cagayan,Provincial Governor,"Lara, Edgar Ramones",Ed,Nationalist People's Coalition,268813
Cagayan,Provincial Vice-Governor,"Pagulayan, Oscar Teano",Otp,Laban ng Demokratikong Pilipino,273586
Cagayan,Provincial Board Member,"Bacuyag, Jenerwin Cabaya",Erwin,Nationalist People's Coalition,54750
Cagayan,Provincial Board Member,"Agatep, Norman Aguayo",Norman,Nationalist People's Coalition,42541
Cagayan,Provincial Board Member,"Puyaoan, Wilson Omotoy",Willy,Nationalist People's Coalition,38053
Cagayan,Provincial Board Member,"Cayosa, Aldegundo Jr. Quintos",Ali,Nationalist People's Coalition,63437
Cagayan,Provincial Board Member,"Fernandez, Estrella Pangaliman",Coling,Nationalist People's Coalition,56045
Cagayan,Provincial Board Member,"Viloria, ViLapiang Manggagawaer Ventula",ViLapiang Manggagawaer,Nationalist People's Coalition,52990
Cagayan,Provincial Board Member,"Catabay-Lauigan, Mila Perpetua Anog",Mila Catabay,Nationalist People's Coalition,64377
Cagayan,Provincial Board Member,"Perez, Victor Ventura",Totoy,Lakas-Christian Muslim Democrats,54915
Cagayan,Provincial Board Member,"Calagui, Baylon Achanzar",Bob,Laban ng Demokratikong Pilipino,48573
Cagayan,Provincial Board Member,"Dayag, Estelita Ulep",Mimi,Independent,42756
Camarines Norte,Provincial Governor,"Typoco, Jesus Jr. Ong Lo",Atoy,Lakas-Christian Muslim Democrats,92129
Camarines Norte,Provincial Vice-Governor,"Tallado, Edgardo Angeles",Egay,Puwersa ng Masang Pilipino-Nationalist People's Coalition,76271
Camarines Norte,Provincial Board Member,"Herrera, Ruth Ferrer",Doktora Ruth,Lakas-Christian Muslim Democrats,42247
Camarines Norte,Provincial Board Member,"Flores, Nonito Soria",Nonie,Lakas-Christian Muslim Democrats,40418
Camarines Norte,Provincial Board Member,"Boma, Jose Guinto",Joey,Lakas-Christian Muslim Democrats,36752
Camarines Norte,Provincial Board Member,"King, Samuel Pimentel",Spk,Lakas-Christian Muslim Democrats,33362
Camarines Norte,Provincial Board Member,"Pedron, Ligaya Lo",Gaying,Koalisyon ng Nagkakaisang Pilipino,32064
Camarines Norte,Provincial Board Member,"Canlas, Arthur Michael Gabriel",Mike,Lakas-Christian Muslim Democrats,37287
Camarines Norte,Provincial Board Member,"Dasco, Edgar Enova","Egay, Ed",Lakas-Christian Muslim Democrats,36542
Camarines Norte,Provincial Board Member,"Pandi, Joeffrey Barcelona",Jef,Lakas-Christian Muslim Democrats,34603
Camarines Norte,Provincial Board Member,"Manarang, Nestor PaLapiang Manggagawaa",Cm,Lakas-Christian Muslim Democrats,28392
Camarines Norte,Provincial Board Member,"Herico, Amado Sacramento",Al,Lakas-Christian Muslim Democrats,27680
Camarines Sur,Provincial Governor,"Villafuerte, Luis Raymond Jr. Favis",Lray,Lakas-Christian Muslim Democrats,246785
Camarines Sur,Provincial Vice-Governor,"FortUnited Opposition, Salvio Balera",Sal,Lakas-Christian Muslim Democrats,204117
Camarines Sur,Provincial Board Member,"Hernandez, Romulo Ocampo",Mulo,Lakas-Christian Muslim Democrats,73331
Camarines Sur,Provincial Board Member,"Orino, Ariel Tobias",Manoy,Lakas-Christian Muslim Democrats,58131
Camarines Sur,Provincial Board Member,"Senar, Warren Andaya",Warren,Liberal Party,57453
Camarines Sur,Provincial Board Member,"Naval, Angel Garchitorena",Ange,Lakas-Christian Muslim Democrats,48462
Camarines Sur,Provincial Board Member,"Verdadero, Ernesto Gavino",Ernie,Lakas-Christian Muslim Democrats,39487
Camarines Sur,Provincial Board Member,"LlagUnited Opposition, Emmanuel Fuentebella",Awel,Nationalist People's Coalition,52671
Camarines Sur,Provincial Board Member,"Melgarejo, Ferdinand Barcillano",Mamo,Nationalist People's Coalition,40489
Camarines Sur,Provincial Board Member,"Espiritu, Alicia Panga",Alice,Lakas-Christian Muslim Democrats,61662
Camarines Sur,Provincial Board Member,"Oliva, Wilfredo Rex Cuba",Rex,Lakas-Christian Muslim Democrats,51610
Camarines Sur,Provincial Board Member,"Noble, Emmanuel Haber",Manny,Lakas-Christian Muslim Democrats,45282
Camiguin,Provincial Governor,"Romualdo, Pedro Palarca",Loloy/Ppr,Lakas-Christian Muslim Democrats,32095
Camiguin,Provincial Vice-Governor,"Lasacar, Leo Gales",L2,Lakas-Christian Muslim Democrats,24781
Camiguin,Provincial Board Member,"Dychauco, Nelson Sia",Sonny,Lakas-Christian Muslim Democrats,15353
Camiguin,Provincial Board Member,"Ederango, James Abao",Jim,Lakas-Christian Muslim Democrats,15147
Camiguin,Provincial Board Member,"Sabacajan, Argenito Cajilla",Gening,Lakas-Christian Muslim Democrats,15070
Camiguin,Provincial Board Member,"Pacuribot, Jesus Diolanto",Jess,Lakas-Christian Muslim Democrats,14543
Camiguin,Provincial Board Member,"Roxas, Jose Estrada",Joe,Lakas-Christian Muslim Democrats,10566
Camiguin,Provincial Board Member,"Borres, Zosimo Babarin",Memoy,Lakas-Christian Muslim Democrats,10028
Camiguin,Provincial Board Member,"Banaag, Periolo Torayno",George,Lakas-Christian Muslim Democrats,9865
Camiguin,Provincial Board Member,"Bitas, Emmanuel Dacsa",Emmie,Lakas-Christian Muslim Democrats,9506
Capiz,Provincial Governor,"Bermejo, Vicente Bediones",Vic,Liberal Party,204785
Capiz,Provincial Vice-Governor,"Tanco, Victor Arancillo",Vic,Liberal Party,182919
Capiz,Provincial Board Member,"Contreras, Esteban Evan II Bacero",Nonoy,Liberal Party,85544
Capiz,Provincial Board Member,"Lastimoso, Rommel Roberto Sanchez",Rommel,Liberal Party,61650
Capiz,Provincial Board Member,"Altobano, Fernando Basa",Toto,Liberal Party,57604
Capiz,Provincial Board Member,"Escolin, Jose Jr. Chan",Escolin,Liberal Party,56303
Capiz,Provincial Board Member,"Martin, Enrique Villanueva",Ricky,Liberal Party,53210
Capiz,Provincial Board Member,"Cruz-Am, Vincent Fritz Idemne",Fritz Cruz-Am/Fritz Dela Cruz,Liberal Party,68950
Capiz,Provincial Board Member,"Exmundo, Ronald Halili",Nonoy,Liberal Party,56465
Capiz,Provincial Board Member,"Reyes, Gaudencio Quintia",Anden,Lakas-Christian Muslim Democrats,53281
Capiz,Provincial Board Member,"Martinez, Abel Pardo",Doc Abel,Liberal Party,53274
Capiz,Provincial Board Member,"Ardivilla, Gilbert Opina",Bert,Liberal Party,48143
Catanduanes,Provincial Governor,"Verceles , Leandro Jr. Buenconsejo",Jun,Lakas-Christian Muslim Democrats,43801
Catanduanes,Provincial Vice-Governor,"VillalUnited Negros Alliance, Vincent Vicente",Kuya Vince,Independent,48764
Catanduanes,Provincial Board Member,"Abundo, Shirley Araozo",Shirley,Lakas-Christian Muslim Democrats,21275
Catanduanes,Provincial Board Member,"Zafe, Rosemarie Gianan/Solano",Rose,Lakas-Christian Muslim Democrats-Kampi,18047
Catanduanes,Provincial Board Member,"Zuniega, Rafael Creo",Raffy,Partido ng Demokratikong Reporma,17395
Catanduanes,Provincial Board Member,"Gianan, Fredeswindo Jr. Arcilla",Fred,Nationalist People's Coalition,15271
Catanduanes,Provincial Board Member,"Tuplano, Romeo Olfindo",Romy,Lakas-Christian Muslim Democrats,19833
Catanduanes,Provincial Board Member,"Pereyra, Roger Francisco",Engineer,Lakas-Christian Muslim Democrats,16973
Catanduanes,Provincial Board Member,"Vega, Rene Ogena",Asay,Nationalist People's Coalition,14015
Catanduanes,Provincial Board Member,"Tapel, Edgar Torrecampo",Eddie,Partido ng Demokratikong Reporma,12795
Cavite,Provincial Governor,"Maliksi, Erineo Saquilayan",Ayong,Laban ng Demokratikong Pilipino,605376
Cavite,Provincial Vice-Governor,"Remulla, Juanito Victor Jr. Catibayan",Jonvic,Laban ng Demokratikong Pilipino,587188
Cavite,Provincial Board Member,"Del Rosario, Cesario Jr. Ramos",Jun Del Rosario,Lakas-Christian Muslim Democrats,98949
Cavite,Provincial Board Member,"Pagtakhan, Luis Toribio",Doc,Nacionalista Party,89428
Cavite,Provincial Board Member,"Rodriguez, Rafael Samoy",Raffy,Laban ng Demokratikong Pilipino,83397
Cavite,Provincial Board Member,"Advincula, Alex Lacson",Aa,Partido MAGDALO KABITE/Laban ng Demokratikong Pilipino,218596
Cavite,Provincial Board Member,"Arayata, Hermogenes III Cruz",Gengen,Partido MAGDALO/Laban ng Demokratikong Pilipino,188347
Cavite,Provincial Board Member,"Campana, Dencito Presa",Osboy,Laban ng Demokratikong Pilipino,179732
Cavite,Provincial Board Member,"Cantimbuhan, Recto Menez",Recto,Laban ng Demokratikong Pilipino,139436
Cavite,Provincial Board Member,"Beratio, Eileen Riel",Eileen,Laban ng Demokratikong Pilipino MAGDALO,109168
Cavite,Provincial Board Member,"Mendoza, Hilda Poblete",Hilda,Lakas-Christian Muslim Democrats,95698
Cavite,Provincial Board Member,"Silao, Iluminada Feraer",Lumin,Laban ng Demokratikong Pilipino/MAGDALO,87446
Cebu,Provincial Governor,"Garcia-Codilla, Gwendolyn Fiel",Gwen Garcia,Lakas-Christian Muslim Democrats,405852
Cebu,Provincial Vice-Governor,"Sanchez, Gregorio Jr. Gallarde",Greg,Independent-MASA,355578
Cebu,Provincial Board Member,"Bolo, Juan Villavelez",John,Independent-MASA,90869
Cebu,Provincial Board Member,"Bacaltos, Raul Deiparine",Raul,FND-MASA,81635
Cebu,Provincial Board Member,"ALapiang Manggagawairante, Antonio Jr. Alvarez",Dodong,Nationalist People's Coalition,74944
Cebu,Provincial Board Member,"Kintanar, Carmiano Acedera",Cary,Nationalist People's Coalition,57840
Cebu,Provincial Board Member,"Yapha, Estrella Pilones",Baby,Nationalist People's Coalition-ALAYON,92027
Cebu,Provincial Board Member,"Corominas, Victoria C.",Tata,Independent-MASA,64820
Cebu,Provincial Board Member,"Mondigo, Joven Salimbangon",Joven,Independent,89622
Cebu,Provincial Board Member,"Gastardo, Jose Ma Canete",Tito,Independent,81866
Cebu,Provincial Board Member,"Magpale , Agnes ALapiang Manggagawaendras",Agnes,BAKUD-Nationalist People's Coalition,88116
Cebu,Provincial Board Member,"Durano, Rose Marie Duterte",Judy,BAKUD-Nationalist People's Coalition,80627
Cebu,Provincial Board Member,"Quisumbing, Gabriel Luis Romualdez",Luigi,Alayon-MASA,99523
Cebu,Provincial Board Member,"Maambong, Victor Alinsug",Vic,Lakas-Christian Muslim Democrats,99350
Compostela Valley,Provincial Governor,"Caballero, Jose Rufo",Joecab,Lakas-Christian Muslim Democrats,158893
Compostela Valley,Provincial Vice-Governor,"Gentugaya, Ramil Lao",Ramil,Lakas-Christian Muslim Democrats,113902
Compostela Valley,Provincial Board Member,"Zamora-Apsay, Maria Carmen Solamillo","Maricar, Ika, Maricar Zamora",Lakas-Christian Muslim Democrats,62656
Compostela Valley,Provincial Board Member,"Colina, Cesar Clarion",Loloy,Lakas-Christian Muslim Democrats,56390
Compostela Valley,Provincial Board Member,"Codilla, Armando Codog",Boy/Dodong,Lakas-Christian Muslim Democrats,48101
Compostela Valley,Provincial Board Member,"Yanong, Manolo Tecson",Noli,Lakas-Christian Muslim Democrats,39689
Compostela Valley,Provincial Board Member,"Andres, William Samonte",Willie,Lakas-Christian Muslim Democrats,39635
Compostela Valley,Provincial Board Member,"Uy, Arturo Tao",Chiongkee,Lakas-Christian Muslim Democrats,66560
Compostela Valley,Provincial Board Member,"Caballero, Kristine Mae Taytayan",Kris,Lakas-Christian Muslim Democrats,65507
Compostela Valley,Provincial Board Member,"Seras, Amado Lorejo",Arman,Lakas-Christian Muslim Democrats,63627
Compostela Valley,Provincial Board Member,"Arafol, Graciano Jr. Cillero",Jun Ocoy Arafol,Lakas-Christian Muslim Democrats,62475
Compostela Valley,Provincial Board Member,"Flores , Ruben Delos Reyes",Ruben,Lakas-Christian Muslim Democrats,55489
Cotabato-North,Provincial Governor,"Pinol, Emmanuel Fantin",Pareng Gov,Lakas-Christian Muslim Democrats,277683
Cotabato-North,Provincial Vice-Governor,"Sacdalan, Jesus Nonato",Susing,Lakas-Christian Muslim Democrats,241252
Cotabato-North,Provincial Board Member,"Macasarte-Espuelas, Shirlyn Demegillo",Neneng Macasarte,LIHOK/Lakas-Christian Muslim Democrats,78939
Cotabato-North,Provincial Board Member,"Garcesa, Eliseo Jr. Dogoldogol",Jun,Lakas-Christian Muslim Democrats,78089
Cotabato-North,Provincial Board Member,"Dela Serna, Manuel Tabar",Maning,Lakas-Christian Muslim Democrats,72781
Cotabato-North,Provincial Board Member,"Sorupia, Vicente Jr. Candole",Boy,Independent,62747
Cotabato-North,Provincial Board Member,"Malingco, Farida Unggui",Faring,Lakas-Christian Muslim Democrats,60612
Cotabato-North,Provincial Board Member,"Jubilan, Solema Palacios",Inday Sol,Lakas-Christian Muslim Democrats,120155
Cotabato-North,Provincial Board Member,"Pagal, Reynaldo Gabales",Rey,Lakas-Christian Muslim Democrats,105885
Cotabato-North,Provincial Board Member,"Baynosa, Freddie Calinao",Toto Freddie,Lakas-Christian Muslim Democrats,102719
Cotabato-North,Provincial Board Member,"Cadungon, Van Doloroso",Van,Lakas-Christian Muslim Democrats,100709
Cotabato-North,Provincial Board Member,"Tejada, Jose Inserto",Pingping,Lakas-Christian Muslim Democrats,95199
Davao Del Norte,Provincial Governor,"Gementiza, Gelacio Poralan",Yayong,Lakas-Christian Muslim Democrats,226120
Davao Del Norte,Provincial Vice-Governor,"Del Rosario, Antonio Garcia",Anthony,Lakas-Christian Muslim Democrats,250007
Davao Del Norte,Provincial Board Member,"Aala, Shirley Belen Rafol",Shirl,Lakas-Christian Muslim Democrats,87081
Davao Del Norte,Provincial Board Member,"Lemos, Meliton Duquiatan",Boy,Lakas-Christian Muslim Democrats,77239
Davao Del Norte,Provincial Board Member,"Zulueta, Alan Degayo",Alan,Lakas-Christian Muslim Democrats,73294
Davao Del Norte,Provincial Board Member,"Bermudez, Macario II Aguilon",Bong,Lakas-Christian Muslim Democrats,72122
Davao Del Norte,Provincial Board Member,"Alvarez, Emelita Villanueva/Apostol",Emily,Nationalist People's Coalition,69933
Davao Del Norte,Provincial Board Member,"Duco, Hernanie Ledesma",Nanie,Lakas-Christian Muslim Democrats,96592
Davao Del Norte,Provincial Board Member,"Silvosa, Jose Sr Dela Luz",Joe,Lakas-Christian Muslim Democrats,96210
Davao Del Norte,Provincial Board Member,"Gentiles, Franklin Dumlao",Frank,Lakas-Christian Muslim Democrats,95705
Davao Del Norte,Provincial Board Member,"Royo, Salvador Relox",Salving,Lakas-Christian Muslim Democrats,84744
Davao Del Norte,Provincial Board Member,"Valera, Gaspar Rabanal",Pal,Lakas-Christian Muslim Democrats,78123
Davao Del Sur,Provincial Governor,"Bautista, Benjamin Jr. Peralta",Joseph,Nationalist People's Coalition,144932
Davao Del Sur,Provincial Vice-Governor,"Garcia, Romualdo Cabanayan",Romy,Nationalist People's Coalition,167498
Davao Del Sur,Provincial Board Member,"Molina, Esther Sarabillo",Nanay Esther,Nationalist People's Coalition,98013
Davao Del Sur,Provincial Board Member,"ALapiang Manggagawaazan, Josefina Brandares",Jojo,Nationalist People's Coalition,94355
Davao Del Sur,Provincial Board Member,"Cagas, Mercedes Chan",Didi,Lakas-Christian Muslim Democrats,83296
Davao Del Sur,Provincial Board Member,"Latasa, Simplicio Agonia",Fely,Nationalist People's Coalition,79573
Davao Del Sur,Provincial Board Member,"Lopez, Joel Ray Luzano",Joel,Nationalist People's Coalition,77150
Davao Del Sur,Provincial Board Member,"Gan, Edgar Cajilio",Egay,Nationalist People's Coalition,46695
Davao Del Sur,Provincial Board Member,"Colina, Ali Jr. Guzman",Jun,Nationalist People's Coalition,46080
Davao Del Sur,Provincial Board Member,"Baliota, Alberto Jr. II Uy",Dogoy,Nationalist People's Coalition,45979
Davao Del Sur,Provincial Board Member,"Montejo, Andres Bracero",Andy,Nationalist People's Coalition,40571
Davao Del Sur,Provincial Board Member,"Guidocos, Carlito Manila",Lito,Nationalist People's Coalition,37967
Davao Oriental,Provincial Governor,"PaLapiang Manggagawaa Gil, Maria Elena Toroba",Marlene Or Mpg,Lakas-Christian Muslim Democrats,82564
Davao Oriental,Provincial Vice-Governor,"Lopez, Edgardo Endriga",Ega,Lakas-Christian Muslim Democrats,74589
Davao Oriental,Provincial Board Member,"Dayanghirang, Nelson L.",-,Nationalist People's Coalition,31732
Davao Oriental,Provincial Board Member,"PaLapiang Manggagawaa Gil, Maria Consuelo Toroba",Bambi,Lakas-Christian Muslim Democrats,30051
Davao Oriental,Provincial Board Member,"Nazareno, Maximino II Aguilon",Bobby,Nationalist People's Coalition,28784
Davao Oriental,Provincial Board Member,"Nunez, Camilo Toroba",Miloy,Nationalist People's Coalition,24371
Davao Oriental,Provincial Board Member,"Olea, Ramona Batao",Micmic,Lakas-Christian Muslim Democrats,22939
Davao Oriental,Provincial Board Member,"Linsag, Ruben Taguitis",Ben,Lakas-Christian Muslim Democrats-Kampi,50696
Davao Oriental,Provincial Board Member,"Balugo, Noli Santiago",Nol,Lakas-Christian Muslim Democrats-Kampi,45352
Davao Oriental,Provincial Board Member,"Miones, Delfin Bauyot",Dodo,Lakas-Christian Muslim Democrats-Kampi,37630
Davao Oriental,Provincial Board Member,"Suzon, Efren Egot",Fren,Lakas-Christian Muslim Democrats,30890
Davao Oriental,Provincial Board Member,"Irigo, Erlinda Vizconde",Linda,Lakas-Christian Muslim Democrats,27622
Eastern Samar,Provincial Governor,"Evardone, Ben Pagaran",Ben,Laban ng Demokratikong Pilipino,75445
Eastern Samar,Provincial Vice-Governor,"Geli, Leander Rivera",Lean,Nationalist People's Coalition,45868
Eastern Samar,Provincial Board Member,"Balagapo, Cirilo Jr. Reyes",Jun,Nationalist People's Coalition,31677
Eastern Samar,Provincial Board Member,"Opinion, J Vicente Raymundo Montallana",Jovi,Nationalist People's Coalition,29193
Eastern Samar,Provincial Board Member,"Alvarez, Karen Domingo",Karen,Nationalist People's Coalition,27912
Eastern Samar,Provincial Board Member,"Aklao, Aldwin U.",Bondos,Laban ng Demokratikong Pilipino,25908
Eastern Samar,Provincial Board Member,"Alido, German Baquilod",Tito,Nationalist People's Coalition,23596
Eastern Samar,Provincial Board Member,"Yu, Generoso Arevalo",Colon,Nationalist People's Coalition,29994
Eastern Samar,Provincial Board Member,"Macabocsit, Pedro Machica",Indo,Nationalist People's Coalition,27685
Eastern Samar,Provincial Board Member,"Naputo, Fernando Gayoso",Dadoy,Nationalist People's Coalition,25673
Eastern Samar,Provincial Board Member,"Sabulao, Enerio Macasa",Dodoy,Laban ng Demokratikong Pilipino,22996
Eastern Samar,Provincial Board Member,"Sabalberino, Arnuldo Bayarong",Sabal,Nationalist People's Coalition,22165
Guimaras,Provincial Governor,"Nava, Joaquin Carlos Rahmanarano",Toto,Liberal Party,42127
Guimaras,Provincial Vice-Governor,"Tionado, Aurelio Guevara",Apoy,Liberal Party,33998
Guimaras,Provincial Board Member,"Gadnanan, Rolando Tabuena",Landoy,Liberal Party,9603
Guimaras,Provincial Board Member,"De Asis, Vicente Beltran",Etik,Liberal Party,9171
Guimaras,Provincial Board Member,"Galanza, Hernani Gonzaga",Engr. Nani,Liberal Party,8441
Guimaras,Provincial Board Member,"Gano, David Gallego",Bombo David,Liberal Party,20336
Guimaras,Provincial Board Member,"Chavez, Allan Marahay",Allan,Liberal Party,16283
Guimaras,Provincial Board Member,"De La Cruz, Josefina Gacho",Phine,Liberal Party,13517
Guimaras,Provincial Board Member,"Gonzaga, Avelino Galleto",Nene,Liberal Party,13224
Guimaras,Provincial Board Member,"Diaz, Edgardo Penascosa",Ed,Liberal Party,11072
Ifugao,Provincial Governor,"Cappleman, Benjamin Buduhan",Ben,Independent,27651
Ifugao,Provincial Vice-Governor,"Prudenciano, Glenn Doclosen",Glenn,Lakas-Christian Muslim Democrats,18966
Ifugao,Provincial Board Member,"Dinamling, Nora Dulnuan",None,Lakas-Christian Muslim Democrats,14585
Ifugao,Provincial Board Member,"Mayam-O, Pedro Guhmi",Pete,Independent,13865
Ifugao,Provincial Board Member,"Ayahao, Lucio Jr. Dumapi",Jun,Lakas-Christian Muslim Democrats,12849
Ifugao,Provincial Board Member,"Humiwat, Robert Kindipan",Ebet,Independent,11761
Ifugao,Provincial Board Member,"Maguiwe, Noli Gopeng",Noah,Lakas-Christian Muslim Democrats,12274
Ifugao,Provincial Board Member,"Balitang, Eugene Mariano",Gene,Liberal Party,11705
Ifugao,Provincial Board Member,"Odan, Joseph Juquiad",Jojo,Liberal Party,10347
Ifugao,Provincial Board Member,"Guingayan, Aldrin Banawan",Joekid,Liberal Party,10251
Ilocos Norte,Provincial Governor,"Marcos, Ferdinand Jr. Romualdez",Bongbong Marcos,Kilusang Bagong Lipunan,23945
Ilocos Norte,Provincial Vice-Governor,"Chua, Windell Daguio",Windell,Kilusang Bagong Lipunan,158083
Ilocos Norte,Provincial Board Member,"Salenda, Ameurfina Respicio",Amor,Independent,70703
Ilocos Norte,Provincial Board Member,"Keon, Michael Marcos",None,Kilusang Bagong Lipunan,62654
Ilocos Norte,Provincial Board Member,"Sin, Shirley Ong",Sos,Kilusang Bagong Lipunan,61065
Ilocos Norte,Provincial Board Member,"Bueno, Purisima Andres",Puring,Kilusang Bagong Lipunan,50091
Ilocos Norte,Provincial Board Member,"Peralta, Renato Ma Raquiza",Atong Rp,Aksyon Demokratiko,46719
Ilocos Norte,Provincial Board Member,"Marcos, Marinao II Velez",Marcos,Kilusang Bagong Lipunan,80505
Ilocos Norte,Provincial Board Member,"Barba, Eugenio Angelo Marcos",Barba,Kilusang Bagong Lipunan,79392
Ilocos Norte,Provincial Board Member,"Crisostomo, Da Vinci Manuel",-,Kilusang Bagong Lipunan,70623
Ilocos Norte,Provincial Board Member,"Abadilla, Carlito Nolasco",Lito,Kilusang Bagong Lipunan,59561
Ilocos Norte,Provincial Board Member,"Nalupta, Ma Elena Marders",Elena,Lakas-Christian Muslim Democrats,59347
Ilocos Sur,Provincial Governor,"Singson, Luis Crisologo",Chavit,Lakas-Christian Muslim Democrats,157869
Ilocos Sur,Provincial Vice-Governor,"Savellano, Deogracias Victor Barbers",Dv,Lakas-Christian Muslim Democrats,177465
Ilocos Sur,Provincial Board Member,"Singson, Ronald Verzosa",Ronald,Lakas-Christian Muslim Democrats,65792
Ilocos Sur,Provincial Board Member,"Purisima, Azucena Abaya",Chuchi,Lakas-Christian Muslim Democrats,56047
Ilocos Sur,Provincial Board Member,"Singson, Jeremias Crisologo",Jerry,Nationalist People's Coalition,55191
Ilocos Sur,Provincial Board Member,"Tesoro, Orlino Tajon",Orling,Lakas-Christian Muslim Democrats,45415
Ilocos Sur,Provincial Board Member,"Rapanut, Ronnie R.",-,Laban ng Demokratikong Pilipino/Koalisyon ng Nagkakaisang Pilipino,34359
Ilocos Sur,Provincial Board Member,"Zaragoza, Zuriel Singson",Zuriel,Independent,78035
Ilocos Sur,Provincial Board Member,"Bistoyong, Alexander Galangco",Alex,Lakas-Christian Muslim Democrats,74921
Ilocos Sur,Provincial Board Member,"BUnited Oppositionan, Jose Jr. Visque",Pepito,Lakas-Christian Muslim Democrats/Liberal Party,72210
Ilocos Sur,Provincial Board Member,"Europa-Morales, Anna Liza Villanueva",Anne Europa,Lakas-Christian Muslim Democrats-BILEG,66312
Ilocos Sur,Provincial Board Member,"Cordero, Teresita Copiozo",Chita,Lakas-Christian Muslim Democrats,56536
Iloilo,Provincial Governor,"Tupas, Niel Sr Demaulo",Niel,Liberal Party,416593
Iloilo,Provincial Vice-Governor,"Armada, Roberto Buenaflor",Obet,Lakas-Christian Muslim Democrats,296368
Iloilo,Provincial Board Member,"Napulan, Macario N.",-,-,66387
Iloilo,Provincial Board Member,"Silla, Bernardo Jr. Balbastro",Idol,Puwersa ng Masang Pilipino,41104
Iloilo,Provincial Board Member,"Cabado, Rodolfo Valera",Boy,Liberal Party,61716
Iloilo,Provincial Board Member,"Capadosa, Cecilia Hubag",Celia,Liberal Party,55153
Iloilo,Provincial Board Member,"Gallar, Emmanuel Rodriguez",Bombo Manny,Liberal Party,81775
Iloilo,Provincial Board Member,"Tirador, Licurgo Peremne",Curging,Aksyon Demokratiko,67939
Iloilo,Provincial Board Member,"Oso, Domingo Jr. Bedia",Nonong,Liberal Party,63822
Iloilo,Provincial Board Member,"PaLapiang Manggagawaares, Romeo Sustituya",Lipid,Liberal Party,50242
Iloilo,Provincial Board Member,"Tupas, Niel Jr. Causing",Junjun,UGYON PARTY,65647
Iloilo,Provincial Board Member,"Barbosa, Eric Sr Vasques",Ric,Independent,57005
Isabela,Provincial Governor,"Padaca, Maria Gracia Cielo Magno",Grace,Aksyon Demokratiko,242995
Isabela,Provincial Vice-Governor,"Reyes, Ramon Munsayac",Monching,Lakas-Christian Muslim Democrats,187109
Isabela,Provincial Board Member,"Borromeo, Ma Josephine Baggao",Joji Baggao-Borromeo,Nationalist People's Coalition,57839
Isabela,Provincial Board Member,"Bello, Kiryll Santos",Kit,Lakas-Christian Muslim Democrats,54993
Isabela,Provincial Board Member,"Cruz, Jesus Jr. Abarra",Jun,Puwersa ng Masang Pilipino,43861
Isabela,Provincial Board Member,"Go, Ana Cristina Siquian",Ana,Lakas-Christian Muslim Democrats,57902
Isabela,Provincial Board Member,"Purugganan, Cesar Cabal",Sarcee,Nationalist People's Coalition,37723
Isabela,Provincial Board Member,"Mallillin, Bartolome Agonoy",Lome,Puwersa ng Masang Pilipino,41340
Isabela,Provincial Board Member,"Atienza, Ysmael Garcia",Mael,Nationalist People's Coalition,39178
Isabela,Provincial Board Member,"Alejandro, Joel Amos Perez",Dowell,Puwersa ng Masang Pilipino,32202
Isabela,Provincial Board Member,"Alindada, Mathew Joseph Patricio",Matt,Nationalist People's Coalition,40867
Isabela,Provincial Board Member,"Padilla, Virgilio Ancheta",Berling,Nationalist People's Coalition,32106
Kalinga,Provincial Governor,"Belac, Dominador Tongdo",Doming,Liberal Party,39712
Kalinga,Provincial Vice-Governor,"Diasen, Rommel Wandag",Rommel,Laban ng Demokratikong Pilipino,31831
Kalinga,Provincial Board Member,"Alunday, Warlord Alicog",Welod,Lakas-Christian Muslim Democrats,13793
Kalinga,Provincial Board Member,"Dimas, Moises",-,-,12046
Kalinga,Provincial Board Member,"Dakiwag, Rosendo Sagmayan",Emog,Independent,11792
Kalinga,Provincial Board Member,"Polittud, Martin Latawan",Awae,Independent,11540
Kalinga,Provincial Board Member,"Angnganay, Sergio Jr. Tabaoan",Jun,Nationalist People's Coalition-Lakas-Christian Muslim Democrats,22700
Kalinga,Provincial Board Member,"Bakilan, Antonio ALapiang Manggagawaeda",Tony,Independent,16538
Kalinga,Provincial Board Member,"Orodio, Efraim Bersamin",-,Nationalist People's Coalition,15578
Kalinga,Provincial Board Member,"Sallidao, Columbus Eyadan",-,Liberal Party,13803
La Union,Provincial Governor,"Ortega, Victor Francisco Campos",Victor,Lakas-Christian Muslim Democrats,197869
La Union,Provincial Vice-Governor,"Nisce, Aureo Augusto Querol",Nice,Lakas-Christian Muslim Democrats,207456
La Union,Provincial Board Member,"Orros, Jonathan Justo Abrogar",Jay-Jay,Lakas-Christian Muslim Democrats,102019
La Union,Provincial Board Member,"Gualberto, Hermenegildo Andaya",Dong,Nationalist People's Coalition,94275
La Union,Provincial Board Member,"Ortega, Jose Ma Campos",Pepe,Nationalist People's Coalition,90769
La Union,Provincial Board Member,"Mosuela, Reynaldo Mina",Rey,Lakas-Christian Muslim Democrats,85864
La Union,Provincial Board Member,"Viloria, Gerardo Arciaga",Gerry,Lakas-Christian Muslim Democrats,85550
La Union,Provincial Board Member,"De Guzman, Maria Annabelle Sandoval",Annabelle,Lakas-Christian Muslim Democrats,77216
La Union,Provincial Board Member,"Balbin, Henry Boado",Henry,Laban ng Demokratikong Pilipino,68409
La Union,Provincial Board Member,"Dulay, Reynaldo Valdez",Rey,Lakas-Christian Muslim Democrats,67019
La Union,Provincial Board Member,"Rivera, Rolando Vasadre",Rudy,Lakas-Christian Muslim Democrats,65952
La Union,Provincial Board Member,"Ofiana, Pedro Jr. Flores",Ped,Lakas-Christian Muslim Democrats,62239
LagUnited Negros Alliance,Provincial Governor,"Lazaro, Teresita Santiago",Ningning,Lakas-Christian Muslim Democrats,317116
LagUnited Negros Alliance,Provincial Vice-Governor,"Olivarez, Edwin De Leon",Edwin,Lakas-Christian Muslim Democrats,432554
LagUnited Negros Alliance,Provincial Board Member,"Alatiit, Gabnulang Alibusan",Gab,Lakas-Christian Muslim Democrats,90119
LagUnited Negros Alliance,Provincial Board Member,"Sison, Raul Marco Somostrada",Marco Sison,Lakas-Christian Muslim Democrats,84825
LagUnited Negros Alliance,Provincial Board Member,"Carrillo, Ramon Capunitan",Monching,Lakas-Christian Muslim Democrats,75390
LagUnited Negros Alliance,Provincial Board Member,"Hernandez, Ramil Laurel",Ramil,Lakas-Christian Muslim Democrats,121672
LagUnited Negros Alliance,Provincial Board Member,"Bagnes, Rolando Salcedo",Rolly,Lakas-Christian Muslim Democrats,97985
LagUnited Negros Alliance,Provincial Board Member,"Tapia, Susano De Leon",Sonny,Lakas-Christian Muslim Democrats,78406
LagUnited Negros Alliance,Provincial Board Member,"Gapangada, Arcadio Najie Bigol",Najie,Lakas-Christian Muslim Democrats,72925
LagUnited Negros Alliance,Provincial Board Member,"Alava, Adoracion Bordador",Doray,Laban ng Demokratikong Pilipino,62676
LagUnited Negros Alliance,Provincial Board Member,"Lagumbay, Eufemio Del Carmen",Pinggoy,Lakas-Christian Muslim Democrats,72992
LagUnited Negros Alliance,Provincial Board Member,"Palacol, Benedicto Mario Jr. Caaway",Bong,Lakas-Christian Muslim Democrats,52347
Lanao Del Norte,Provincial Governor,"Dimaporo, Imelda Quibranza",Angging,Lakas-Christian Muslim Democrats,135984
Lanao Del Norte,Provincial Vice-Governor,"Ali, Irma Umpa",Baby,Lakas-Christian Muslim Democrats,98329
Lanao Del Norte,Provincial Board Member,"Fernandez, Simplicio Jr. Manugas",Juny,Lakas-Christian Muslim Democrats,25758
Lanao Del Norte,Provincial Board Member,"Biliran, Rufa Lumacad","Popie, Ruf",Lakas-Christian Muslim Democrats,24465
Lanao Del Norte,Provincial Board Member,"Canoy, Cesar Ramos",Cesar,Lakas-Christian Muslim Democrats,24051
Lanao Del Norte,Provincial Board Member,"Rizalda, Romulo Cailing",Chickang,Laban ng Demokratikong Pilipino,23209
Lanao Del Norte,Provincial Board Member,"Taha, Sirad Dimasangka",Rad,Lakas-Christian Muslim Democrats,61321
Lanao Del Norte,Provincial Board Member,"Sumalipao, Tominaman Dalug",Tomie,Lakas-Christian Muslim Democrats,57335
Lanao Del Norte,Provincial Board Member,"Arumpac, Magsaysay Padang",Isay,Lakas-Christian Muslim Democrats,56990
Lanao Del Norte,Provincial Board Member,"Cauntongan, Tawantawan Mamantar",Tawa,Lakas-Christian Muslim Democrats,54484
Lanao Del Norte,Provincial Board Member,"Delos Santos, Hernani Zaragosa",Nonoy,Lakas-Christian Muslim Democrats,53887
Lanao Del Norte,Provincial Board Member,"Usman, Mastura Baraontong",Mas,Lakas-Christian Muslim Democrats,50391
Lanao Del Sur,Provincial Governor,"Adiong, Mamintal Sr Magangcong",Mike,Lakas-Christian Muslim Democrats,94557
Lanao Del Sur,Provincial Vice-Governor,"Manalo, Bashier Dimala-Ang",Mustaqbal,OMPIA,45899
Lanao Del Sur,Provincial Board Member,"Macabangon, Monera Dimakuta",Monera,OMPIA,39168
Lanao Del Sur,Provincial Board Member,"Macarambon, Roland Abdul Rashid Ambol",Fiat,Independent,36073
Lanao Del Sur,Provincial Board Member,"Alonto, Alexander Guro",Boyet,Lakas-Christian Muslim Democrats,32864
Lanao Del Sur,Provincial Board Member,"Macasundig, Kamal Pangandama",Amin,Lakas-Christian Muslim Democrats,30454
Lanao Del Sur,Provincial Board Member,"Sani, Shirali Sampaco",Alilit,Laban ng Demokratikong Pilipino,26109
Lanao Del Sur,Provincial Board Member,"Dimaporo, Danny Tolawidan Boniara",Danny,OMPIA/Nationalist People's Coalition,25869
Lanao Del Sur,Provincial Board Member,"Usman, Samim R.",-,-,25522
Lanao Del Sur,Provincial Board Member,"Guro, Sahic Datudacula",Paquito,Laban ng Demokratikong Pilipino,25365
Lanao Del Sur,Provincial Board Member,"Datu A Mangoda, Macasidar Sarip",Datu-A-Mangoda,Lakas-Christian Muslim Democrats,23618
Lanao Del Sur,Provincial Board Member,"Binnortominoray, Morsalim Alap-Polao",Abonafis,Lakas-Christian Muslim Democrats,23146
Leyte,Provincial Governor,"Petilla, Carlos Jericho Loreto",Icot,Nationalist People's Coalition,257609
Leyte,Provincial Vice-Governor,"Bagulaya, Ma Mimietta Aviles/Satorre",Mimiette/Mimyet,Nationalist People's Coalition,229891
Leyte,Provincial Board Member,"Esperas, Evangeline Limosnero",Vangie,Nationalist People's Coalition,54625
Leyte,Provincial Board Member,"Go-Soco, Ma Lourdes Alday",Malou,Liberal Party,46217
Leyte,Provincial Board Member,"Lumen, Lesmes Chan",Lemy,Nationalist People's Coalition,43747
Leyte,Provincial Board Member,"Ongbit, Simeon Jr. Oledan",Tamboy,Nationalist People's Coalition,41430
Leyte,Provincial Board Member,"Batan, Rowil Garganera",Rowil,Nationalist People's Coalition,23308
Leyte,Provincial Board Member,"Piamonte, Rolando Sr Cajegas",Lando,Laban ng Demokratikong Pilipino,18049
Leyte,Provincial Board Member,"Pajaron, Herville Villarente",Vil,Liberal Party,29169
Leyte,Provincial Board Member,"Jabilles, Antonio Caintic",Tony,Nationalist People's Coalition,28769
Leyte,Provincial Board Member,"Loreto, Carlo Petilla",Opaw,Nationalist People's Coalition,63509
Leyte,Provincial Board Member,"Golo, Emmanuel Gilo",Maning,Nationalist People's Coalition,54927
Maguindanao,Provincial Governor,"Ampatuan, Andal Sr Salibo",Andy,Lakas-Christian Muslim Democrats,218018
Maguindanao,Provincial Vice-Governor,"Sinsuat, Bimbo Sr Quesada",Dbs/Bims,Lakas-Christian Muslim Democrats,200039
Maguindanao,Provincial Board Member,"Sinsuat, Russman Quesada",Russ,Lakas-Christian Muslim Democrats,55910
Maguindanao,Provincial Board Member,"Limbona, Asnawi Sinsuat",Jojo,Lakas-Christian Muslim Democrats,54620
Maguindanao,Provincial Board Member,"Tomawis, Raul Simban",Romblon,Lakas-Christian Muslim Democrats,50160
Maguindanao,Provincial Board Member,"Maik, Saqqaf Samad",Miki/Mike,Lakas-Christian Muslim Democrats,47522
Maguindanao,Provincial Board Member,"Lidasan, Armando Dipatuan",Bong,Lakas-Christian Muslim Democrats,43002
Maguindanao,Provincial Board Member,"Mangudadatu, Freddie Gaguil",Ogie,Lakas-Christian Muslim Democrats,125222
Maguindanao,Provincial Board Member,"Adzis, Datuwata Utto",Tho,Lakas-Christian Muslim Democrats,102776
Maguindanao,Provincial Board Member,"Datumanong, Borgiva Tasmi De Guzman",Tas,Lakas-Christian Muslim Democrats,102216
Maguindanao,Provincial Board Member,"Ampatuan, Puti Mamasapano",Yasser,Lakas-Christian Muslim Democrats,100265
Maguindanao,Provincial Board Member,"Pendatun, Abbas Jr. Ampatuan",Datu Jun,Lakas-Christian Muslim Democrats,93458
Marinduque,Provincial Governor,"Reyes, Carmencita Ongsiako",Delegada,Lakas-Christian Muslim Democrats,53709
Marinduque,Provincial Vice-Governor,"PaLapiang Manggagawaa, Leandro Catahumber",Andy,Lakas-Christian Muslim Democrats,36911
Marinduque,Provincial Board Member,"Go, Melecio J.",Melgo,Independent,25178
Marinduque,Provincial Board Member,"Lim, Jaime Jasper Lao",Jasper,Independent,17192
Marinduque,Provincial Board Member,"Monte, Leticia Angeles",Lety,Independent,13211
Marinduque,Provincial Board Member,"Nepomuceno, Allan Hubahib",Nepo,Independent,12865
Marinduque,Provincial Board Member,"Rey, Alfonso Verdadero",Alfon,Lakas-Christian Muslim Democrats,21079
Marinduque,Provincial Board Member,"Rosas, Epifania Lanete",Annie,Independent,19791
Marinduque,Provincial Board Member,"Ricohermoso, Norma Jalotjot",Norma,Lakas-Christian Muslim Democrats,17731
Marinduque,Provincial Board Member,"Raza, Eleuterio Jr. Rodil",Bingbong,Lakas-Christian Muslim Democrats,17659
Masbate,Provincial Governor,"Kho, Antonio Tero",Tony,Lakas-Christian Muslim Democrats,122402
Masbate,Provincial Vice-Governor,"Estrella, Raul Romero",Awong,Lakas-Christian Muslim Democrats,54458
Masbate,Provincial Board Member,"Altiche, Jose ALapiang Manggagawaine",Pepe,INA-Nationalist People's Coalition,21565
Masbate,Provincial Board Member,"Alforte, Ferdinand Apari",Dinand,Lakas-Christian Muslim Democrats,16950
Masbate,Provincial Board Member,"Revil, Vicente Homer Bajar",Vince,Nationalist People's Coalition,41257
Masbate,Provincial Board Member,"Valdemoro, Herminio Laurio",Miniong,Lakas-Christian Muslim Democrats,31630
Masbate,Provincial Board Member,"Laurio, Silas Virgilio",Ching,Nationalist People's Coalition,31117
Masbate,Provincial Board Member,"Tuason, Julius Magallanes",Boy,Lakas-Christian Muslim Democrats,27102
Masbate,Provincial Board Member,"Chu, Jesus Lim",Kimbian,Lakas-Christian Muslim Democrats,26588
Masbate,Provincial Board Member,"Abenir, Jose Jr. Montonez",Potoy,Lakas-Christian Muslim Democrats,25660
Masbate,Provincial Board Member,"ALapiang Manggagawaario, Alex Gacoscosim",Rapido,Lakas-Christian Muslim Democrats,25569
Masbate,Provincial Board Member,"Arregadas, Hamilcar Tepait",Boy,Nationalist People's Coalition,20818
Misamis Occidental,Provincial Governor,"Ocampos, Loreto Leo Solis",Leo,Lakas-Christian Muslim Democrats,179955
Misamis Occidental,Provincial Vice-Governor,"Paylaga, Francisco Jr. Tac-An",Jun,REPORMA-Lapiang Manggagawa,162117
Misamis Occidental,Provincial Board Member,"Balais, Rosario Kais",Inday Charing,REPORMA-Lapiang Manggagawa,57023
Misamis Occidental,Provincial Board Member,"Omandam, Franklin Evasco",Angking,REPORMA-Lapiang Manggagawa,54944
Misamis Occidental,Provincial Board Member,"Regalado, Jimmy Roa",Jim,REPORMA-Lapiang Manggagawa,54719
Misamis Occidental,Provincial Board Member,"Pagalaran, Inocencio Jr. Descallar",Censer,REPORMA-Lapiang Manggagawa,53413
Misamis Occidental,Provincial Board Member,"Ano-Os, Jino Jr. Maglasang",Jun,Independent,31946
Misamis Occidental,Provincial Board Member,"Agot, Morpheus Solis",Murphy,Lakas-Christian Muslim Democrats,73770
Misamis Occidental,Provincial Board Member,"Lood, Dello Tare",Del,Lakas-Christian Muslim Democrats,66256
Misamis Occidental,Provincial Board Member,"Decina, Tito Barangan",Tito/Tits,Lakas-Christian Muslim Democrats,62893
Misamis Occidental,Provincial Board Member,"Zafra, Carlou Dalogdog",Tito Carl,Lakas-Christian Muslim Democrats,59639
Misamis Occidental,Provincial Board Member,"Garcia, Pedrita B.C560",-,-,34554
Misamis Oriental,Provincial Governor,"Moreno, Oscar Serina",Oca,Lakas-Christian Muslim Democrats,195239
Misamis Oriental,Provincial Vice-Governor,"Uy, Julio Tadoy",Jul,Lakas-Christian Muslim Democrats,134891
Misamis Oriental,Provincial Board Member,"Kho, Arsenio Jr. Santos",Jun,Koalisyon ng Nagkakaisang Pilipino/Laban ng Demokratikong Pilipino,72374
Misamis Oriental,Provincial Board Member,"Abbot, Henry Clyde Casanos",Clyde,Lakas-Christian Muslim Democrats,53770
Misamis Oriental,Provincial Board Member,"Caina, Jimmy Eballe",Jimmy,Lakas-Christian Muslim Democrats,51532
Misamis Oriental,Provincial Board Member,"Olano, Alejo Jr. Pelaez",Butch,Koalisyon ng Nagkakaisang Pilipino/Laban ng Demokratikong Pilipino,50881
Misamis Oriental,Provincial Board Member,"Pelaez, Jeremy Go",Jigjag,Koalisyon ng Nagkakaisang Pilipino/Laban ng Demokratikong Pilipino,50107
Misamis Oriental,Provincial Board Member,"Actub, Oliver Saburao",Ver,Lakas-Christian Muslim Democrats,70947
Misamis Oriental,Provincial Board Member,"Gambe, Pepito Wabe",Peping,Lakas-Christian Muslim Democrats,63408
Misamis Oriental,Provincial Board Member,"Bade, Francisco Guian",Frank,Lakas-Christian Muslim Democrats,57646
Misamis Oriental,Provincial Board Member,"Babiera, Norris Casino",Nors,Lakas-Christian Muslim Democrats,56609
Misamis Oriental,Provincial Board Member,"Sabal, Santiago Casino",Santi,Lakas-Christian Muslim Democrats,55037
Mountain Province,Provincial Governor,"Dalog, Maximo Badecao",Max,Laban ng Demokratikong Pilipino,22883
Mountain Province,Provincial Vice-Governor,"Dominguez, Benjamin Marrero",Ben,Independent,29139
Mountain Province,Provincial Board Member,"Wanason, Luke Malindao",Boy,Laban ng Demokratikong Pilipino,9449
Mountain Province,Provincial Board Member,"Gomez, Ezra Samson Alipit",Ezra,Laban ng Demokratikong Pilipino,8120
Mountain Province,Provincial Board Member,"Magalong, Bonifacio Arias",Bonnie/Mags,Independent,8095
Mountain Province,Provincial Board Member,"Dangiwan, Francis Dakiwag",Daracan,Laban ng Demokratikong Pilipino,7156
Mountain Province,Provincial Board Member,"Calde, Winston Valenciano",Bulanglang,Laban ng Demokratikong Pilipino,10772
Mountain Province,Provincial Board Member,"Lawilao, Marcial Jr. Capsuyen",Jun,Independent,10095
Mountain Province,Provincial Board Member,"Cobcobo, Herman Balangeg",Hermie,Laban ng Demokratikong Pilipino,9413
Mountain Province,Provincial Board Member,"Aquillo, Leoncio Langagan",Leo,Independent,8569
Negros Occidental,Provincial Governor,"Maranon, Joseph Galicia",Nonoy,Nationalist People's Coalition,424739
Negros Occidental,Provincial Vice-Governor,"Zaygo, Isidro Perez",Elpidio,Lakas-Christian Muslim Democrats,419310
Negros Occidental,Provincial Board Member,"Layumas, ELapiang Manggagawaero Losbanez",Meroy,Nationalist People's Coalition/United Negros Alliance,51258
Negros Occidental,Provincial Board Member,"Leonor, Fernando Damondamon",Pecdoy,Nationalist People's Coalition/United Negros Alliance,46214
Negros Occidental,Provincial Board Member,"AcUnited Negros Alliance, Edgardo Yogore",Gany,United Negros Alliance ,56840
Negros Occidental,Provincial Board Member,"Diploma, Corazon Polines",Cora,United Negros Alliance,30399
Negros Occidental,Provincial Board Member,"Depasucat, Reynaldo Prado",Rey,REPORMA-Lapiang Manggagawa,79986
Negros Occidental,Provincial Board Member,"Ko, Manuel Frederick Ong",Manman,Nationalist People's Coalition,68110
Negros Occidental,Provincial Board Member,"Barredo, Ike Mijares",Nonoy,United Negros Alliance,68241
Negros Occidental,Provincial Board Member,"Javellana, Mae Gargarita C.",May,Nationalist People's Coalition,46094
Negros Occidental,Provincial Board Member,"Tuvilla, Francis Gerard Yulo",Tanting,Independent,57462
Negros Occidental,Provincial Board Member,"Yulo, Emilio III Lim",Dino,Independent,51321
Negros Occidental,Provincial Board Member,"Zafra, Macario Jr. Limsiaco",Gingging,Independent,78206
Negros Occidental,Provincial Board Member,"Mangao, Adolfo Taros",Dolfo,Lakas-Christian Muslim Democrats,64925
Negros Oriental,Provincial Governor,"Arnaiz, George Planto",George,Nationalist People's Coalition,301315
Negros Oriental,Provincial Vice-Governor,"Baldado, Jose Anfone",Petit,Nationalist People's Coalition,228480
Negros Oriental,Provincial Board Member,"Bromo, Lea Ga",Lea,Lakas-Christian Muslim Democrats,47840
Negros Oriental,Provincial Board Member,"Villegas, Napoleon Jr. Escalona",Butching,Lakas-Christian Muslim Democrats,45020
Negros Oriental,Provincial Board Member,"Martinez, Rodolfo Acab",Rudy,Lakas-Christian Muslim Democrats,41157
Negros Oriental,Provincial Board Member,"Escano Villegas, Mariant E.",Mev,Laban ng Demokratikong Pilipino,66386
Negros Oriental,Provincial Board Member,"Macias, Erwin Michael Lopez",Dodong,Nationalist People's Coalition,65778
Negros Oriental,Provincial Board Member,"Umbac, Arturo Valencia",Art,Nationalist People's Coalition,62752
Negros Oriental,Provincial Board Member,"Saycon, Melimore Cadiente",Mel,Koalisyon ng Nagkakaisang Pilipino,58000
Negros Oriental,Provincial Board Member,"Tijing, Ernesto Teves",Erning,Lakas-Christian Muslim Democrats,64823
Negros Oriental,Provincial Board Member,"Adanza, Marcelo G.",Bobot,Lakas-Christian Muslim Democrats,63324
Negros Oriental,Provincial Board Member,"Teves, Pryde Henry Alipit",Henry,Lakas-Christian Muslim Democrats,60437
Northern Samar,Provincial Governor,"Daza, Raul Aguila",Raul,Liberal Party,110681
Northern Samar,Provincial Vice-Governor,"Lavin, Guido Jr. ALapiang Manggagawaasco",Jun,Liberal Party,90360
Northern Samar,Provincial Board Member,"Daza, Paul Ruiz",Paul,Liberal Party,47875
Northern Samar,Provincial Board Member,"Del Valle, Rodolfo Robis",Rod,Liberal Party,39073
Northern Samar,Provincial Board Member,"Dasmarinas, Luis Romines",Das,Liberal Party,35705
Northern Samar,Provincial Board Member,"Lim, Licarion Gorembalem",Carion,Liberal Party,32910
Northern Samar,Provincial Board Member,"Esponilla, Herbert Reyes",Bert,Liberal Party,31448
Northern Samar,Provincial Board Member,"Gillamac, Marites Jarito",Tess,Liberal Party,28986
Northern Samar,Provincial Board Member,"Dulay, Remus Sosing",Remus,Liberal Party,28325
Northern Samar,Provincial Board Member,"Gorembalem, Ben Capangpangan",Bengor,Liberal Party,26320
Northern Samar,Provincial Board Member,"Ongchuan, Harris Christopher Mendoza",Ong,Lakas-Christian Muslim Democrats,24787
Northern Samar,Provincial Board Member,"Sarmiento, Miguel Lipata",Mike,Liberal Party,22859
Nueva Ecija,Provincial Governor,"Joson, Tomas III Noriel",Tommy,Bagong Lakas ng Nueva Ecija/Nationalist People's Coalition,394870
Nueva Ecija,Provincial Vice-Governor,"Joson, Mariano Cristino Noriel",Boyet,Bagong Lakas-Christian Muslim Democrats ng Nueva Ecija-Nationalist People's Coalition,397129
Nueva Ecija,Provincial Board Member,"Cucio, Cesar Villarama",Cesar,Bagong Lakas ng Nueva Ecija-Nationalist People's Coalition,76348
Nueva Ecija,Provincial Board Member,"De Leon, Ireneo Singson",Boy,Bagong Lakas-Christian Muslim Democrats ng Nueva Ecija-Nationalist People's Coalition,73281
Nueva Ecija,Provincial Board Member,"Yango, Jose Bernardo Verzola","Jv, Jb, Jayvee, Jaybee",Bagong Lakas-Christian Muslim Democrats ng Nueva Ecija-Nationalist People's Coalition,71810
Nueva Ecija,Provincial Board Member,"Dulay, Bella Aurora Aleta",Au Aleta,Bagong Lakas-Christian Muslim Democrats ng Nueva Ecija-Nationalist People's Coalition,70198
Nueva Ecija,Provincial Board Member,"Vendivil, Alfredo Manuel",Patty,Lakas-Christian Muslim Democrats,67476
Nueva Ecija,Provincial Board Member,"Joson, Edward Thomas Filart",Edward,Bagong Lakas ng Nueva Ecija/Nationalist People's Coalition,97925
Nueva Ecija,Provincial Board Member,"Morales, Melchor M.",Ben,Bagong Lakas ng Nueva Ecija/Nationalist People's Coalition,77589
Nueva Ecija,Provincial Board Member,"Interior, Napoleon Gavino",Pol,Lakas-Christian Muslim Democrats,83979
Nueva Ecija,Provincial Board Member,"Villareal, JM Maximino Lorenzo",Jojo,Lakas-Christian Muslim Democrats-Kampi,69898
Nueva Ecija,Provincial Board Member,"De Leon, Rudy Javate",-,Bagong Lakas ng Nueva Ecija-Nationalist People's Coalition,67308
Nueva Vizcaya,Provincial Governor,"Cuaresma, Luisa Lloren",Banti,Laban ng Demokratikong Pilipino,56008
Nueva Vizcaya,Provincial Vice-Governor,"Gambito, Jose Valeriano",Jing,Laban ng Demokratikong Pilipino,79328
Nueva Vizcaya,Provincial Board Member,"Dumlao, Patricio Jr. Fernando",Pat-Pat,Lakas-Christian Muslim Democrats,36432
Nueva Vizcaya,Provincial Board Member,"Dumlao, Maybelle Blossom Aquino",Bonsai,Nationalist People's Coalition,36428
Nueva Vizcaya,Provincial Board Member,"Afan, Glenn Del Rosario",Glenn,Laban ng Demokratikong Pilipino,27818
Nueva Vizcaya,Provincial Board Member,"Marcos, Primo Percival Jose",Primo,Lakas-Christian Muslim Democrats,26960
Nueva Vizcaya,Provincial Board Member,"Mamuric, Hipolito II Calangan",Lito,Nationalist People's Coalition,24388
Nueva Vizcaya,Provincial Board Member,"Tidang, Reina Nita Liza Bay-An",Reina,Lakas-Christian Muslim Democrats,34203
Nueva Vizcaya,Provincial Board Member,"Balgos, Edgardo Cruz",Edu,Laban ng Demokratikong Pilipino,31015
Nueva Vizcaya,Provincial Board Member,"Balgos, Flaviano Jr. Dizon",Piskal,Lakas-Christian Muslim Democrats,29552
Nueva Vizcaya,Provincial Board Member,"Talingdan, Merlie Guzman",Merlyn,Laban ng Demokratikong Pilipino,27977
Nueva Vizcaya,Provincial Board Member,"Padilla, Teodorico Jr. Dela Pena",Jun,Laban ng Demokratikong Pilipino,24791
Occidental Mindoro,Provincial Governor,"Sato, Josephine Ramirez",Nene,Nationalist People's Coalition,80585
Occidental Mindoro,Provincial Vice-Governor,"Mendiola, Mario Gene Jaro",Gene,Nationalist People's Coalition,67984
Occidental Mindoro,Provincial Board Member,"Alfaro, Peter De Jesus",Peter,Nationalist People's Coalition,32875
Occidental Mindoro,Provincial Board Member,"Ignacio, Randolph Ganzon",Randy,Nationalist People's Coalition,29660
Occidental Mindoro,Provincial Board Member,"Legaspi, Fe Abeleda",Fepot,Nationalist People's Coalition,29101
Occidental Mindoro,Provincial Board Member,"Mintu, Manuel Jr. Teano",Boyet,Laban ng Demokratikong Pilipino,28632
Occidental Mindoro,Provincial Board Member,"Abeleda, Arnold Tarriela",Noli,Nationalist People's Coalition,27682
Occidental Mindoro,Provincial Board Member,"Ladaga, Rey Cajayon",Rey,Lakas-Christian Muslim Democrats,32885
Occidental Mindoro,Provincial Board Member,"Jaravata, Ernesto Fernandez",Erning,Laban ng Demokratikong Pilipino,30673
Occidental Mindoro,Provincial Board Member,"Cruz, Nathaniel Demerin",Kuya Nathan,Nationalist People's Coalition,29271
Occidental Mindoro,Provincial Board Member,"Javier, Ulysses Pasion",Uly,Lakas-Christian Muslim Democrats,28190
Occidental Mindoro,Provincial Board Member,"Camandang, Vicente Legaspi",Boying,Lakas-Christian Muslim Democrats,23750
Oriental Mindoro,Provincial Governor,"Marasigan, Bartolome Sr. Laya",Ka Bart,Lakas-Christian Muslim Democrats,135064
Oriental Mindoro,Provincial Vice-Governor,"Panaligan, Arnan Capulong",Arnan,Lakas-Christian Muslim Democrats,124600
Oriental Mindoro,Provincial Board Member,"Aceron, Ma Estela Felipa Manahan",Estee,Lakas-Christian Muslim Democrats,58959
Oriental Mindoro,Provincial Board Member,"Apasan, Ireneo Adis",Iren,Lakas-Christian Muslim Democrats,52087
Oriental Mindoro,Provincial Board Member,"Castillet, Luis Sabalan",Louie,Liberal Party,50872
Oriental Mindoro,Provincial Board Member,"Infantado, Romeo Gonzales",Boy,Laban ng Demokratikong Pilipino/Koalisyon ng Nagkakaisang Pilipino,45509
Oriental Mindoro,Provincial Board Member,"Abas, Abraham Ramos",Abring,Lakas-Christian Muslim Democrats,42741
Oriental Mindoro,Provincial Board Member,"Dimapilis, Ramil Onte",Ramil,Laban ng Demokratikong Pilipino,42303
Oriental Mindoro,Provincial Board Member,"Recto, Claro Roja",Jojo,Lakas-Christian Muslim Democrats,41353
Oriental Mindoro,Provincial Board Member,"Cobrado, Susan Fanoga",Susan,Lakas-Christian Muslim Democrats,38292
Oriental Mindoro,Provincial Board Member,"Liwanag, Ernesto Enriquez",Erning,Liberal Party,37229
Oriental Mindoro,Provincial Board Member,"Agarap, Corazon Fabreag",Cora,Laban ng Demokratikong Pilipino/Koalisyon ng Nagkakaisang Pilipino,30148
Palawan,Provincial Governor,"Reyes, Mario Joel Tolentino",Jtr,Lakas-Christian Muslim Democrats,141113
Palawan,Provincial Vice-Governor,"Ponce De Leon, David Abadiano",Dave,Nationalist People's Coalition,119936
Palawan,Provincial Board Member,"Cadlaon, Joselito Angeles",Lito,Lakas-Christian Muslim Democrats,43817
Palawan,Provincial Board Member,"Balerite, Edmundo Fegarido",Edmon,Nationalist People's Coalition,41948
Palawan,Provincial Board Member,"Pablico, Derrick Rodriguez",Derick,Lakas-Christian Muslim Democrats,40941
Palawan,Provincial Board Member,"Acosta, Gil Prestosa",Gil,Lakas-Christian Muslim Democrats,40253
Palawan,Provincial Board Member,"Ventura, Arthur Rodriguez",Art,Lakas-Christian Muslim Democrats,32807
Palawan,Provincial Board Member,"De Guzman, Vicky Tiangson",Vicky,Lakas-Christian Muslim Democrats,57618
Palawan,Provincial Board Member,"Barroma, Haide Bacabac",Doktora,Lakas-Christian Muslim Democrats,55223
Palawan,Provincial Board Member,"LlacUnited Negros Alliance, Ernesto Arguelles",Erning,Lakas-Christian Muslim Democrats,49930
Palawan,Provincial Board Member,"Rodriguez, Modesto II Valencia",Jonjie,Lakas-Christian Muslim Democrats,49057
Palawan,Provincial Board Member,"Fabellon, Alice F",Fabellon,Nationalist People's Coalition,44912
Pampanga,Provincial Governor,"Lapid, Mark Tadeo",Lito,Lakas-Christian Muslim Democrats,357281
Pampanga,Provincial Vice-Governor,"Guiao, Joseller Medina",Yeng,Lakas-Christian Muslim Democrats,338164
Pampanga,Provincial Board Member,"Lagman, Prospero Tolentino",Pros,Lakas-Christian Muslim Democrats,40980
Pampanga,Provincial Board Member,"Halili, Tarcicio Dela Cruz",Tars,Nationalist People's Coalition,30703
Pampanga,Provincial Board Member,"Pineda, Lilia Garcia",Baby,Nacionalista PartyK/ Lakas-Christian Muslim Democrats Nationalist People's Coalition,104177
Pampanga,Provincial Board Member,"Chu, Eduardo Alvarez",Chu,Nacionalista PartyK Nationalist People's Coalition,69716
Pampanga,Provincial Board Member,"Lim, Liberty Guiam",Betty,Nacionalista PartyK-Nationalist People's Coalition,68596
Pampanga,Provincial Board Member,"Laus, Ceferino Calalang",Pinong,Lakas-Christian Muslim Democrats,106704
Pampanga,Provincial Board Member,"Gonzales, Aurelio Jr. Duenas",Dong,Buklod Capampangan,92208
Pampanga,Provincial Board Member,"Quiambao, Johnny Torres",J.Q.,Buklod Capampangan,57328
Pampanga,Provincial Board Member,"Tolentino, Nestor Ocampo",Bay,Nationalist People's Coalition,78859
Pampanga,Provincial Board Member,"Calara, Nelson Trinidad",Nelson Calaras,Lakas-Christian Muslim Democrats,61139
Pangasinan,Provincial Governor,"Agbayani, Victor Aguedo Elizaga",Vic,Lakas-Christian Muslim Democrats,840009
Pangasinan,Provincial Vice-Governor,"Lambino, Oscar Bengson",Oca,Lakas-Christian Muslim Democrats,636312
Pangasinan,Provincial Board Member,"Dizon, Danilo BUnited Negros Allianceg",Danny,Lakas-Christian Muslim Democrats,83575
Pangasinan,Provincial Board Member,"Pulido, Alicia Jimenez",Alice,Puwersa ng Masang Pilipino-Koalisyon ng Nagkakaisang Pilipino,64082
Pangasinan,Provincial Board Member,"Reyes, Nestor Dalisay",Nikiboy,Lakas-Christian Muslim Democrats,71033
Pangasinan,Provincial Board Member,"Mendoza, Von Mark Radam",Von Mark,Laban ng Demokratikong Pilipino,70980
Pangasinan,Provincial Board Member,"Baniqued, Angel Galisim",Kaiba,Lakas-Christian Muslim Democrats,130725
Pangasinan,Provincial Board Member,"Dadacay, Romeo Herrero",Romy,Lakas-Christian Muslim Democrats,93804
Pangasinan,Provincial Board Member,"Rosario, Johnjohn Agerico Bautista",John Agerico,Lakas-Christian Muslim Democrats,50560
Pangasinan,Provincial Board Member,"Ancheta, Manuel Datuin",Aning,Lakas-Christian Muslim Democrats,28089
Pangasinan,Provincial Board Member,"Carancho, Emmanuel Castillo",Manoy,Nationalist People's Coalition,116588
Pangasinan,Provincial Board Member,"Villar, Dionisio Jr. Arcalas",Saffe,Nationalist People's Coalition,108086
Pangasinan,Provincial Board Member,"Primicias-Agabas, Marlyn Legaspi",Len,Lakas-Christian Muslim Democrats,119852
Pangasinan,Provincial Board Member,"Estrella, Robert Masonsong",Eskimo,Nationalist People's Coalition,92286
Quezon,Provincial Governor,"Enverga, Wilfredo Lopez",Willie,Koalisyon ng Nagkakaisang Pilipino,373399
Quezon,Provincial Vice-Governor,"Suarez, David Catarina",Jayjay,Liberal Party,297848
Quezon,Provincial Board Member,"Portes, Carlos Lontok",Kelly,Koalisyon ng Nagkakaisang Pilipino,79530
Quezon,Provincial Board Member,"Pasamba, Eladio Sardea",Eli,Lakas-Christian Muslim Democrats,71611
Quezon,Provincial Board Member,"Bico, James Rey De Castro",Vandolph,Koalisyon ng Nagkakaisang Pilipino,71572
Quezon,Provincial Board Member,"Alcala, Vicente Jaraza",Kulit,Liberal Party,69795
Quezon,Provincial Board Member,"Alvarez, Liza Rebeta",Liza,Koalisyon ng Nagkakaisang Pilipino,56141
Quezon,Provincial Board Member,"Edano, Romulo Jr. Macaraig",Rommel,Liberal Party,47557
Quezon,Provincial Board Member,"De LUnited Negros Alliance, Lourdes Cabangon",Bunso,Koalisyon ng Nagkakaisang Pilipino,47080
Quezon,Provincial Board Member,"Malite, Narciso Isipin",Arcie Armalite,Koalisyon ng Nagkakaisang Pilipino,53726
Quezon,Provincial Board Member,"Diestro, Remedios Villarama",Remy,Lakas-Christian Muslim Democrats,48215
Quezon,Provincial Board Member,"Magbuhos, Roderick Imperial",Derick,Liberal Party,47954
Quirino,Provincial Governor,"Enverga, Wilfredo Lopez",Willie,Koalisyon ng Nagkakaisang Pilipino,373399
Quirino,Provincial Vice-Governor,"Suarez, David Catarina",Jayjay,Liberal Party,297848
Quirino,Provincial Board Member,"Portes, Carlos Lontok",Kelly,Koalisyon ng Nagkakaisang Pilipino,79530
Quirino,Provincial Board Member,"Pasamba, Eladio Sardea",Eli,Lakas-Christian Muslim Democrats,71611
Quirino,Provincial Board Member,"Bico, James Rey De Castro",Vandolph,Koalisyon ng Nagkakaisang Pilipino,71572
Quirino,Provincial Board Member,"Alcala, Vicente Jaraza",Kulit,Liberal Party,69795
Quirino,Provincial Board Member,"Alvarez, Liza Rebeta",Liza,Koalisyon ng Nagkakaisang Pilipino,56141
Quirino,Provincial Board Member,"Edano, Romulo Jr. Macaraig",Rommel,Liberal Party,47557
Quirino,Provincial Board Member,"De LUnited Negros Alliance, Lourdes Cabangon",Bunso,Koalisyon ng Nagkakaisang Pilipino,47080
Quirino,Provincial Board Member,"Malite, Narciso Isipin",Arcie Armalite,Koalisyon ng Nagkakaisang Pilipino,53726
Quirino,Provincial Board Member,"Diestro, Remedios Villarama",Remy,Lakas-Christian Muslim Democrats,48215
Quirino,Provincial Board Member,"Magbuhos, Roderick Imperial",Derick,Liberal Party,47954
Rizal,Provincial Governor,"Ynares, Casimiro Jr. Martin",Ito,Puwersa ng Masang Pilipino,463320
Rizal,Provincial Vice-Governor,"Alarcon, Anthony-Jesus Solero",Jestoni Alarcon,Puwersa ng Masang Pilipino,358820
Rizal,Provincial Board Member,"Sicat, Arturo Lumba",Atoy,Puwersa ng Masang Pilipino,122385
Rizal,Provincial Board Member,"Bernardo, Genato Huera",Dr. Ato,Puwersa ng Masang Pilipino,112325
Rizal,Provincial Board Member,"Esguerra, Benjamin Jr. De Leon",Totoy,Independent,103764
Rizal,Provincial Board Member,"Reyes, Noel Ireneo Esguerra",Noel,Liberal Party,98283
Rizal,Provincial Board Member,"Palileo, Jesus Domingo",Ninong Jess,Puwersa ng Masang Pilipino,33388
Rizal,Provincial Board Member,"Rivera, Rolando PagkatipUnited Negros Alliancen",Atto,Lakas-Christian Muslim Democrats,121812
Rizal,Provincial Board Member,"Arriola, Luis Jr. Cuevas",Amang,Puwersa ng Masang Pilipino,113350
Rizal,Provincial Board Member,"Benavidez, Virgilio Cruz",Ver,Puwersa ng Masang Pilipino,105777
Rizal,Provincial Board Member,"Balajadia, Edgardo Feliciano",Ed,Puwersa ng Masang Pilipino,105347
Rizal,Provincial Board Member,"Tapales, Zacarias Leonardo",Caring,Puwersa ng Masang Pilipino,34413
Romblon,Provincial Governor,"Ylagan, Perpetuo Barredo",Totoy,Nationalist People's Coalition,45058
Romblon,Provincial Vice-Governor,"Romero, Samuel Rey",Sam,Lakas-Christian Muslim Democrats,48461
Romblon,Provincial Board Member,"Solis, Francisco Laluces",Kiko,Lakas-Christian Muslim Democrats,21018
Romblon,Provincial Board Member,"Fondevilla, Giovanni Sr Catajay",Dr. Baning,Lakas-Christian Muslim Democrats,19124
Romblon,Provincial Board Member,"Ramos, Jorge Malayo",George,Lakas-Christian Muslim Democrats,19016
Romblon,Provincial Board Member,"Moreno, Gil Llorca",Gil,Lakas-Christian Muslim Democrats,14081
Romblon,Provincial Board Member,"Fetalvero, Alicia Capa",Alice,Lakas-Christian Muslim Democrats,25749
Romblon,Provincial Board Member,"Dorado, Fred Rufon",Fred,Lakas-Christian Muslim Democrats,21763
Romblon,Provincial Board Member,"Fondevilla, Andres Festin",Andrew,Lakas-Christian Muslim Democrats,20452
Romblon,Provincial Board Member,"Irao, Benjamin Jr. Cordona",Jun,Laban ng Demokratikong Pilipino,17258
Samar- Western ,Provincial Governor,"Tan, Milagrosa Tee",Mila,Liberal Party,131761
Samar- Western ,Provincial Vice-Governor,"Redaja, Jesus Bello",Jess,Liberal Party,100155
Samar- Western ,Provincial Board Member,"Salurio, Susano Dimekiling",Sonny/Sony,Liberal Party,43778
Samar- Western ,Provincial Board Member,"Ricafort, Cesario Matudan",Totoy,Liberal Party,41369
Samar- Western ,Provincial Board Member,"Casurao, Rogelio Tarrayo",Roger,Liberal Party,39908
Samar- Western ,Provincial Board Member,"Rosales, Rosenaida Aliman",Nancy,Lakas-Christian Muslim Democrats,38065
Samar- Western ,Provincial Board Member,"Uy, Renato Petilla",Poli,Liberal Party,36435
Samar- Western ,Provincial Board Member,"Bolastig, Antonio III De Leon",Tommy,Laban ng Demokratikong Pilipino,64796
Samar- Western ,Provincial Board Member,"Arcales, Fe Tan",Fe,Laban ng Demokratikong Pilipino,49598
Samar- Western ,Provincial Board Member,"Tiopes, Minandro Quintos",Boy,Lakas-Christian Muslim Democrats,32825
Samar- Western ,Provincial Board Member,"Quijano, Arcadio Latorre",Bontoy,Independent,29240
Samar- Western ,Provincial Board Member,"De LUnited Negros Alliance, Concepcion Ramacula",Dayday,Laban ng Demokratikong Pilipino,28958
Sarangani,Provincial Governor,"Dominguez, Paul Rene Garcia",Pol,Sarangani Reconciliation and Reformation Organization,81556
Sarangani,Provincial Vice-Governor,"Chiongbian-Huang, Bridget MUnited Oppositionz",Bridget,Lakas-Christian Muslim Democrats,78613
Sarangani,Provincial Board Member,"Falgui, Rommel Tomas Manuel",Rom,Lakas-Christian Muslim Democrats,24416
Sarangani,Provincial Board Member,"Lawa, Arturo Martin",Art,Lakas-Christian Muslim Democrats,19454
Sarangani,Provincial Board Member,"Martinez, Cornelio Jr. Callueng",Bobot,Sarangani Reconciliation and Reformation Organization/Laban ng Demokratikong Pilipino,19319
Sarangani,Provincial Board Member,"Gacula, Limuel Neri",Lim,Lakas-Christian Muslim Democrats,17860
Sarangani,Provincial Board Member,"Yap, Victor James Barrera",Tata,Lakas-Christian Muslim Democrats,37113
Sarangani,Provincial Board Member,"Ruiz, Benedicto II Librea",Dingding,Lakas-Christian Muslim Democrats,28428
Sarangani,Provincial Board Member,"Alaba, Napoleon Franco",Nap,Lakas-Christian Muslim Democrats,28364
Sarangani,Provincial Board Member,"Octavio, Rolando Jr. Sionosa",Popo,Lakas-Christian Muslim Democrats,26573
Sarangani,Provincial Board Member,"Singcoy, Pyang Lucas",Pyang,Lakas-Christian Muslim Democrats,26414
Sarangani,Provincial Board Member,"Abdon, Lasad Sr. Batil",Lasad,Lakas-Christian Muslim Democrats,25207
Siquijor,Provincial Governor,"Fua, Orlando Sr Bongcawel",Orlan,Lakas-Christian Muslim Democrats,23554
Siquijor,Provincial Vice-Governor,"Ganhinhin, Carl Mark Albon",Carl,Laban ng Demokratikong Pilipino,20938
Siquijor,Provincial Board Member,"Duhaylungsod, Adam Samson",Atty. Adams,Nationalist People's Coalition,11527
Siquijor,Provincial Board Member,"Cortes, Andre Jesu Espinosa",Dodong Ann,Lakas-Christian Muslim Democrats,10490
Siquijor,Provincial Board Member,"Olpoc, Cyrus Selim",Aying,Partido Demokratiko Sosyalista ng Pilipinas,10487
Siquijor,Provincial Board Member,"Gom-Os, Emely Buntag",Emy,Lakas-Christian Muslim Democrats,9805
Siquijor,Provincial Board Member,"Jumawan, Galileo Lee Bongcawel",Gali,Lakas-Christian Muslim Democrats,11870
Siquijor,Provincial Board Member,"Acain, Leonardo Balongag",Boy,Lakas-Christian Muslim Democrats,9704
Siquijor,Provincial Board Member,"Bonachita, Leonido Ancis",Dodo,Lakas-Christian Muslim Democrats,9136
Siquijor,Provincial Board Member,"Calibo, Freddie Duhaylungsod",Boy,Laban ng Demokratikong Pilipino,8197
Sorsogon,Provincial Governor,"Lee, Raul Rodrigueza",Raul,Lakas-Christian Muslim Democrats,126856
Sorsogon,Provincial Vice-Governor,"Escudero, Antonio Hatoc",Kruni,Nationalist People's Coalition,97595
Sorsogon,Provincial Board Member,"Aquino, Rebecca De Leon",Becky,Lakas-Christian Muslim Democrats,47607
Sorsogon,Provincial Board Member,"Diaz, Rosario Dolot",Cherry,Lakas-Christian Muslim Democrats,38921
Sorsogon,Provincial Board Member,"Ravanilla, Francisco Lasala",Butch,Nationalist People's Coalition,37339
Sorsogon,Provincial Board Member,"Perete, Arnulfo Lorayes",Arnol,Independent,36813
Sorsogon,Provincial Board Member,"Relativo, Everesto Laurio",Ever,Lakas-Christian Muslim Democrats,33856
Sorsogon,Provincial Board Member,"Dellomas, Joy Lipata",Jdf,Lakas-Christian Muslim Democrats,54935
Sorsogon,Provincial Board Member,"Lelis, Jocelyn Yap",Gaga,Lakas-Christian Muslim Democrats,50102
Sorsogon,Provincial Board Member,"Glipo, Arze Gutay",Arze,Nationalist People's Coalition,41093
Sorsogon,Provincial Board Member,"Hao, Bernard Herrera",Bong,Lakas-Christian Muslim Democrats,31107
Sorsogon,Provincial Board Member,"Gotladera, Olaf Saide",Olap,Puwersa ng Masang Pilipino,27288
South Cotabato,Provincial Governor,"Fuentes, Daisy Avance",Inday Daisy,Nationalist People's Coalition,145984
South Cotabato,Provincial Vice-Governor,"Ogena, Eliordo Usero",Bebot,Nationalist People's Coalition,135361
South Cotabato,Provincial Board Member,"Falcon, Jose Rodriquez",Joe,Nationalist People's Coalition,38295
South Cotabato,Provincial Board Member,"Tubo, Clemente Cahilsot",Eti,Nationalist People's Coalition,31400
South Cotabato,Provincial Board Member,"Madanguit, Jose Maniwang",Joe/Fr. Joe,Nationalist People's Coalition,29615
South Cotabato,Provincial Board Member,"Diel, Cecile Esmalla",Inday,Nationalist People's Coalition,98338
South Cotabato,Provincial Board Member,"Bona, Franklin Dela Cruz",Frank,Nationalist People's Coalition,96836
South Cotabato,Provincial Board Member,"Tolosa, ELapiang Manggagawao Banez",Doctor ELapiang Manggagawao,Nationalist People's Coalition,90897
South Cotabato,Provincial Board Member,"Jumilla, Rene Billones",Bongbong,Nationalist People's Coalition,79708
South Cotabato,Provincial Board Member,"Dar, Dardanilo Nono",Danny/Dan,Nationalist People's Coalition,75926
South Cotabato,Provincial Board Member,"Damandaman, Antonio Frias",Tony,Nationalist People's Coalition,75213
South Cotabato,Provincial Board Member,"Olivares, Romar Abad",Bombo Romar,Nationalist People's Coalition,74040
Southern Leyte,Provincial Governor,"Lerias, Rosette Yneguez",Rosette,Nationalist People's Coalition,107596
Southern Leyte,Provincial Vice-Governor,"Maamo, Miguel II Cagasan",Mike,Nationalist People's Coalition,89684
Southern Leyte,Provincial Board Member,"Tomol, Eva Lunzaga",-,Nationalist People's Coalition,47203
Southern Leyte,Provincial Board Member,"Escano, Agustin Jr. Rusca",Nene,Lakas-Christian Muslim Democrats,41208
Southern Leyte,Provincial Board Member,"Bascug, Arturo Serdan",Arthur,Nationalist People's Coalition,40430
Southern Leyte,Provincial Board Member,"Rey, Ceasar Balbas",Cesar,Nationalist People's Coalition,39696
Southern Leyte,Provincial Board Member,"Calva, Jason Cotanda",Jayson,Nationalist People's Coalition,35329
Southern Leyte,Provincial Board Member,"Tan, Orlando Kuizon",Lando,Lakas-Christian Muslim Democrats,34931
Southern Leyte,Provincial Board Member,"Fernandez, Florentino Jr. Singson",Junbie,Puwersa ng Masang Pilipino,28991
Southern Leyte,Provincial Board Member,"Yap, Amalia Macabata",Amy,Puwersa ng Masang Pilipino,26620
Sultan Kudarat,Provincial Governor,"Mangudadatu, Pax Sandigan",Pakung,Lakas-Christian Muslim Democrats,119255
Sultan Kudarat,Provincial Vice-Governor,"Ligo, Donato Armada",Don,Lakas-Christian Muslim Democrats,83581
Sultan Kudarat,Provincial Board Member,"Velasco, Eilen May Apostol",May,Lakas-Christian Muslim Democrats,62249
Sultan Kudarat,Provincial Board Member,"Garcia, Benigno Natividad",Ben,Lakas-Christian Muslim Democrats,50044
Sultan Kudarat,Provincial Board Member,"Dela Cerna, Leonidas Labanero",Nidz,Nationalist People's Coalition,46689
Sultan Kudarat,Provincial Board Member,"Pagatpatan, Generoso Castillo",Ganie Aining,Lakas-Christian Muslim Democrats,45305
Sultan Kudarat,Provincial Board Member,"Enitorio, Bonifacio Crispino",Boning,Lakas-Christian Muslim Democrats,44359
Sultan Kudarat,Provincial Board Member,"Garcia , Rolando Panes",Rolly,Nationalist People's Coalition,40643
Sultan Kudarat,Provincial Board Member,"Karon, Datusalem Amerol",Dats,Lakas-Christian Muslim Democrats,35047
Sultan Kudarat,Provincial Board Member,"Castro, Eliseo Fabianes",Ely,Lakas-Christian Muslim Democrats,34932
Sultan Kudarat,Provincial Board Member,"Posadas, Cornelio Batilo",Coni,Lakas-Christian Muslim Democrats,34594
Sultan Kudarat,Provincial Board Member,"Latog, Nonie Lucero",Nonie,Nationalist People's Coalition,32227
Sulu,Provincial Governor,"Loong, Benjamin Tupay",Ben,Lakas-Christian Muslim Democrats,46921
Sulu,Provincial Vice-Governor,"Sahidalla, Nur-Ana Indanan",Lady Ann,Lakas-Christian Muslim Democrats,52259
Sulu,Provincial Board Member,"Salim, Den-Rasher Ibrahim",Den,Lakas-Christian Muslim Democrats,24355
Sulu,Provincial Board Member,"Tulawie, Nivocadnizar Talib",Nizar,Puwersa ng Masang Pilipino,22574
Sulu,Provincial Board Member,"Loong, Al-Khadar Tahil",Kadang,Lakas-Christian Muslim Democrats,20660
Sulu,Provincial Board Member,"Hassan, Nijar Iskandar",Nidz,Partido Demokratiko Sosyalista ng Pilipinas,20598
Sulu,Provincial Board Member,"Estino, Abdulkadil Sahibil",Kadil,Lakas-Christian Muslim Democrats,20388
Sulu,Provincial Board Member,"Ammad, Hj Onnih Talib",Onnih,Lakas-Christian Muslim Democrats,18751
Sulu,Provincial Board Member,"Buclao, Hector Muhiddin",Thor,Lakas-Christian Muslim Democrats,16356
Sulu,Provincial Board Member,"Abdurajak, Renden Hassan",Den,Lakas-Christian Muslim Democrats,13230
Surigao Del Norte,Provincial Governor,"Barbers, Robert Lyndon Smith",Lyndon,Lakas-Christian Muslim Democrats,118101
Surigao Del Norte,Provincial Vice-Governor,"Navarro, Rodolfo G.",Ompong,Lakas-Christian Muslim Democrats,117503
Surigao Del Norte,Provincial Board Member,"Ecleo, Allan I Buray",Allan,Lakas-Christian Muslim Democrats,38477
Surigao Del Norte,Provincial Board Member,"Gopico, Norman Esparrago",Norman,Lakas-Christian Muslim Democrats,36622
Surigao Del Norte,Provincial Board Member,"Dela Merced, Elvis Arrocena",Vis,Lakas-Christian Muslim Democrats,36267
Surigao Del Norte,Provincial Board Member,"Alabat, Jose Jr. Gede",Dodong,Lakas-Christian Muslim Democrats,36035
Surigao Del Norte,Provincial Board Member,"Lagroma, Merlinda Dalisay",Merly,Lakas-Christian Muslim Democrats,36009
Surigao Del Norte,Provincial Board Member,"Orquina, Leo Philip Francia",Leo/Le,Lakas-Christian Muslim Democrats,55640
Surigao Del Norte,Provincial Board Member,"Bernal, Victor Flores",Totoy,Lakas-Christian Muslim Democrats,52273
Surigao Del Norte,Provincial Board Member,"Catre, Noel Plaza",Boy,Lakas-Christian Muslim Democrats,49089
Surigao Del Norte,Provincial Board Member,"Edera, Isabelita Monta",Nene,Lakas-Christian Muslim Democrats,46372
Surigao Del Norte,Provincial Board Member,"Madelo, Rohito Calamba",Rets,Lakas-Christian Muslim Democrats,44995
Surigao Del Sur,Provincial Governor,"Pimentel, Vicente Jr. Ty",Bb,Lakas-Christian Muslim Democrats,140706
Surigao Del Sur,Provincial Vice-Governor,"Navarro, Librado Cubil",Lib/Libby,Lakas-Christian Muslim Democrats,127302
Surigao Del Sur,Provincial Board Member,"Cuartero, Lolito Jr. Goyongco",Bodoy,Lakas-Christian Muslim Democrats,57630
Surigao Del Sur,Provincial Board Member,"Donasco, Teresita PaLapiang Manggagawaa",Tita,Lakas-Christian Muslim Democrats,56682
Surigao Del Sur,Provincial Board Member,"Arreza, Leodegario Ravelo",Leody,Lakas-Christian Muslim Democrats,50499
Surigao Del Sur,Provincial Board Member,"Rivas, Efren Jr. Esquida",Father,Lakas-Christian Muslim Democrats,47978
Surigao Del Sur,Provincial Board Member,"Montesclaros, Valerio Jr. Ty",Lery,Lakas-Christian Muslim Democrats,43659
Surigao Del Sur,Provincial Board Member,"Alvizo, Remedios Rosario",Remy,Nationalist People's Coalition,37746
Surigao Del Sur,Provincial Board Member,"Merida, Orlando AzcUnited Negros Alliance",Lando,Nationalist People's Coalition,35716
Surigao Del Sur,Provincial Board Member,"Viola, Candelario Jr. Jabagat",Bacuing,Nationalist People's Coalition,35308
Surigao Del Sur,Provincial Board Member,"Viduya, Rafael Masancay",Raffy,Lakas-Christian Muslim Democrats,27714
Surigao Del Sur,Provincial Board Member,"Velez, Napoleon Languing",Nap,Nationalist People's Coalition-Lakas-Christian Muslim Democrats,27643
Tarlac,Provincial Governor,"Yap, Jose Villa Agustin",Aping,Nationalist People's Coalition,309628
Tarlac,Provincial Vice-Governor,"Aganon, Marcelino Jr. Guiang",Bogs,Nationalist People's Coalition,215972
Tarlac,Provincial Board Member,"Pacada, Pearl Angeli Erguiza",Pearl,Nationalist People's Coalition,80182
Tarlac,Provincial Board Member,"David, Rommel Cruz",Rommel,Nationalist People's Coalition,56055
Tarlac,Provincial Board Member,"Rosete, Pablito Lapitan",Lito,Nationalist People's Coalition- SAMA SAMA TARLAC,54514
Tarlac,Provincial Board Member,"De Leon, Amado Santos",Mading,Nationalist People's Coalition-SST,65267
Tarlac,Provincial Board Member,"Aganon, Tyrone Homillano",Tyrone,Nationalist People's Coalition-SST,57992
Tarlac,Provincial Board Member,"Nisce, Nicholo Paras",Nikko,Nationalist People's Coalition-SST,54137
Tarlac,Provincial Board Member,"Go, Amado King",Amado,Nationalist People's Coalition-SST,43560
Tarlac,Provincial Board Member,"Pineda, Rolando Rodriguez",Rolly,Nationalist People's Coalition,44822
Tarlac,Provincial Board Member,"David, Danilo Dizon",Dan,Lakas-Christian Muslim Democrats,42281
Tarlac,Provincial Board Member,"David, Carlito Santos",Casada,Nationalist People's Coalition-SST,41955
Tawi-Tawi,Provincial Governor,"Sahali, Sadikul Adalla",Dick,Puwersa ng Masang Pilipino,40492
Tawi-Tawi,Provincial Vice-Governor,"Usman, Jilkasi Joe",Titing,Puwersa ng Masang Pilipino,34010
Tawi-Tawi,Provincial Board Member,"Samsuya, Renil Madjilon",Ren,Independent,11858
Tawi-Tawi,Provincial Board Member,"Tamburani, Al-Hamar Mohammad",Hamar,Lakas-Christian Muslim Democrats,11353
Tawi-Tawi,Provincial Board Member,"Ajihil, Myrna Chiong",Mheng/Myr,Lakas-Christian Muslim Democrats,8508
Tawi-Tawi,Provincial Board Member,"Camlian, Ar-Asrima Asri",Beng,Lakas-Christian Muslim Democrats,8375
Tawi-Tawi,Provincial Board Member,"Matolo, Kadir Jalas",Kads,Lakas-Christian Muslim Democrats,11557
Tawi-Tawi,Provincial Board Member,"Mangona, Dhes Antanani",Dhes,Independent,8809
Tawi-Tawi,Provincial Board Member,"Wait, Centi N.",Cen,Lakas-Christian Muslim Democrats,8805
Tawi-Tawi,Provincial Board Member,"Lipae, Algarad Owah",Garad,Puwersa ng Masang Pilipino,8213
Zambales,Provincial Governor,"Magsaysay, Vicente Pulido",Govic,Lakas-Christian Muslim Democrats,107439
Zambales,Provincial Vice-Governor,"Lacbain, Ramon II Groesbeck",Mon,Koalisyon ng Nagkakaisang Pilipino/Laban ng Demokratikong Pilipino,77009
Zambales,Provincial Board Member,"Khonghun, Jefferson Ferrer",Jay,Puwersa ng Masang Pilipino,31057
Zambales,Provincial Board Member,"Felarca, Wilfredo Viloria",Fred,Lakas-Christian Muslim Democrats,20610
Zambales,Provincial Board Member,"Gutierrez, Jose Sr De Jesus",Peping,Lakas-Christian Muslim Democrats,20394
Zambales,Provincial Board Member,"Collado, Renato Hebron",Atong,Puwersa ng Masang Pilipino,48963
Zambales,Provincial Board Member,"Deloso, Jury Elamparo",Jury,Lakas-Christian Muslim Democrats,47763
Zambales,Provincial Board Member,"Ablola, Samuel Domil",Sam,Lakas-Christian Muslim Democrats,47455
Zambales,Provincial Board Member,"Abasta, Sancho Jr. Agostosa",Jun,Lakas-Christian Muslim Democrats,44717
Zambales,Provincial Board Member,"Paradeza, Erodito Ancheta",Rody,Lakas-Christian Muslim Democrats,38698
Zambales,Provincial Board Member,"Tarongoy, Reynaldo Cabana",Rey,Independent,38340
Zambales,Provincial Board Member,"Edquilang, Rufo Elayda",Roding,Independent,37374
Zamboanga Del Norte,Provincial Governor,"Yebes, Rolando Enriquez",Lando,Partido Demokratiko Sosyalista ng Pilipinas,173091
Zamboanga Del Norte,Provincial Vice-Governor,"Olvis, Francis Hamoy",Bebie,Partido Demokratiko Sosyalista ng Pilipinas,148147
Zamboanga Del Norte,Provincial Board Member,"Hamoy, Beda Bonga Gallemit",Bong,Partido Demokratiko Sosyalista ng Pilipinas,45356
Zamboanga Del Norte,Provincial Board Member,"Dulang, Florentino Medalla",-,Puwersa ng Masang Pilipino,45116
Zamboanga Del Norte,Provincial Board Member,"Zamoras, Edionar Mejorda",Loloy,Puwersa ng Masang Pilipino,54204
Zamboanga Del Norte,Provincial Board Member,"Mejorada, Uldarico Bagnol",Ric,Partido Demokratiko Sosyalista ng Pilipinas,47134
Zamboanga Del Norte,Provincial Board Member,"Baguio, Edgar Jaictin",Gar,Lakas-Christian Muslim Democrats,41720
Zamboanga Del Norte,Provincial Board Member,"Adriatico, Cedric Lacaya",Adre,Partido Demokratiko Sosyalista ng Pilipinas,40478
Zamboanga Del Norte,Provincial Board Member,"Ajero, Joseph Brendo Canama",Jojo,Puwersa ng Masang Pilipino,56713
Zamboanga Del Norte,Provincial Board Member,"Edding, Norbideiri Bederi",Bong,Puwersa ng Masang Pilipino,54194
Zamboanga Del Norte,Provincial Board Member,"Darunday, Anecito Suico",Citoy,Puwersa ng Masang Pilipino,50841
Zamboanga Del Norte,Provincial Board Member,"Bolando , Felixberto Carillo",Dodong,Lakas-Christian Muslim Democrats,48112
Zamboanga Del Sur,Provincial Governor,"Cerilles, Aurora Enerio",Auring,Nationalist People's Coalition,169188
Zamboanga Del Sur,Provincial Vice-Governor,"Ariosa, Roseller Largo",Roy,Nationalist People's Coalition,171197
Zamboanga Del Sur,Provincial Board Member,"Marasigan, Ma Dinah Bama",Dinah,Lakas-Christian Muslim Democrats,89239
Zamboanga Del Sur,Provincial Board Member,"Fucoy, Flaviano Jr. Rodriguez",Nonong,Lakas-Christian Muslim Democrats,69971
Zamboanga Del Sur,Provincial Board Member,"Cipriano, Ma Theresita Real",Tetet Real,Lakas-Christian Muslim Democrats,68915
Zamboanga Del Sur,Provincial Board Member,"Mondarte, Ernesto Amor",Erning,Lakas-Christian Muslim Democrats,63528
Zamboanga Sibugay,Provincial Board Member,"Fernandez, Baldomero",Baleleng,Nationalist People's Coalition,62601
Zamboanga Sibugay,Provincial Board Member,"Regala, Juan Casauay",John,Nationalist People's Coalition,74468
Zamboanga Sibugay,Provincial Board Member,"Vidad, Basilio Amoc",Eking,Nationalist People's Coalition,67995
Zamboanga Sibugay,Provincial Board Member,"Funtanilla, Felicidad Bejar",Baby,Nationalist People's Coalition,66274
Zamboanga Sibugay,Provincial Board Member,"Sulong , Daylinda Perez",Daylin,Nationalist People's Coalition,61436
Zamboanga Sibugay,Provincial Board Member,"Sumalinog, Eriberto Aballe",Ribe,Nationalist People's Coalition,51041
Zamboanga Sibugay,Provincial Governor,"Hofer, Jeorge Tocao",Gth,Laban ng Demokratikong Pilipino,68106
Zamboanga Sibugay,Provincial Vice-Governor,"Cabarios, Eric Aguinaldo",Roderic,Lakas-Christian Muslim Democrats,61652
Zamboanga Sibugay,Provincial Board Member,"Javier, Ma Bella Chiong",Bella,Lakas-Christian Muslim Democrats,43365
Zamboanga Sibugay,Provincial Board Member,"Alibutdan, Eldwin Mangubat",Win,Puwersa ng Masang Pilipino,43162
Zamboanga Sibugay,Provincial Board Member,"Rambuyong, Richard Baughan",Rambo,Puwersa ng Masang Pilipino,37760
Zamboanga Sibugay,Provincial Board Member,"Castillo, George Calva",Geo,Lakas-Christian Muslim Democrats,31285
Zamboanga Sibugay,Provincial Board Member,"CatalUnited Negros Alliance, Felizardo Jr. Villalobos",Tikboy,Lakas-Christian Muslim Democrats,25660
Zamboanga Sibugay,Provincial Board Member,"Castor, Lycel Bringuel",Tata,Puwersa ng Masang Pilipino,33041
Zamboanga Sibugay,Provincial Board Member,"Jore, Cresencio Silim",Cres,Lakas-Christian Muslim Democrats,26690
Zamboanga Sibugay,Provincial Board Member,"Yambao, Jonathan Cabilao",Boyet,Lakas-Christian Muslim Democrats,24878
Zamboanga Sibugay,Provincial Board Member,"Gonzales, Juanito Boralo",Igsoon,Puwersa ng Masang Pilipino,24073
Zamboanga Sibugay,Provincial Board Member,"Capotulan, Lalaine Tinguha",Lyn,Lakas-Christian Muslim Democrats,23953
